A_name,A Wiley-Interscience Publication,Annual Review of Astronomy and Astrophysics,Astronomy and Astrophysics,Astronomy and Astrophysics Supplement Series,ESA Special Publication,Monthly Notices of the Royal Astronomical Society,Nature,Nature Materials,Physical Review Letters,Princeton,Publications of the Astronomical Society of the Pacific,Reviews of Modern Physics,San Francisco: W.H. Freeman,The Astronomical Journal,The Astrophysical Journal,The Astrophysical Journal Supplement Series
"Abazajian, Kevork N.",0,0,0,0,0,0,0,0,0,0,0,0,0,0,0,1
"Abbott, B. P.",0,0,0,0,0,0,0,0,1,0,0,0,0,0,0,0
"Abbott, R.",0,0,0,0,0,0,0,0,1,0,0,0,0,0,0,0
"Abbott, T. D.",0,0,0,0,0,0,0,0,1,0,0,0,0,0,0,0
"Abernathy, M. R.",0,0,0,0,0,0,0,0,1,0,0,0,0,0,0,0
"Acernese, F.",0,0,0,0,0,0,0,0,1,0,0,0,0,0,0,0
"Ackley, K.",0,0,0,0,0,0,0,0,1,0,0,0,0,0,0,0
"Adams, C.",0,0,0,0,0,0,0,0,1,0,0,0,0,0,0,0
"Adams, Fred C.",0,1,0,0,0,0,0,0,0,0,0,0,0,0,0,0
"Adams, T.",0,0,0,0,0,0,0,0,1,0,0,0,0,0,0,0
"Addesso, P.",0,0,0,0,0,0,0,0,1,0,0,0,0,0,0,0
"Adelman-McCarthy, Jennifer K.",0,0,0,0,0,0,0,0,0,0,0,0,0,0,0,1
"Adhikari, R. X.",0,0,0,0,0,0,0,0,1,0,0,0,0,0,0,0
"Adya, V. B.",0,0,0,0,0,0,0,0,1,0,0,0,0,0,0,0
"Affeldt, C.",0,0,0,0,0,0,0,0,1,0,0,0,0,0,0,0
"Afrough, M.",0,0,0,0,0,0,0,0,1,0,0,0,0,0,0,0
"Agarwal, B.",0,0,0,0,0,0,0,0,1,0,0,0,0,0,0,0
"Agathos, M.",0,0,0,0,0,0,0,0,1,0,0,0,0,0,0,0
"Agatsuma, K.",0,0,0,0,0,0,0,0,1,0,0,0,0,0,0,0
"Aggarwal, N.",0,0,0,0,0,0,0,0,1,0,0,0,0,0,0,0
"Aguiar, O. D.",0,0,0,0,0,0,0,0,1,0,0,0,0,0,0,0
"Agüeros, Marcel A.",0,0,0,0,0,0,0,0,0,0,0,0,0,0,0,1
"Aiello, L.",0,0,0,0,0,0,0,0,1,0,0,0,0,0,0,0
"Ain, A.",0,0,0,0,0,0,0,0,1,0,0,0,0,0,0,0
"Ajith, P.",0,0,0,0,0,0,0,0,1,0,0,0,0,0,0,0
"Allam, Sahar S.",0,0,0,0,0,0,0,0,0,0,0,0,0,0,0,1
"Allard, F.",0,0,1,0,0,0,0,0,0,0,0,0,0,0,0,0
"Allen, B.",0,0,0,0,0,0,0,0,1,0,0,0,0,0,0,0
"Allen, G.",0,0,0,0,0,0,0,0,1,0,0,0,0,0,0,0
"Allende Prieto, Carlos",0,0,0,0,0,0,0,0,0,0,0,0,0,0,0,1
"Allocca, A.",0,0,0,0,0,0,0,0,1,0,0,0,0,0,0,0
"Allyn Smith, J.",0,0,0,0,0,0,0,0,0,0,0,0,0,0,0,1
"Altin, P. A.",0,0,0,0,0,0,0,0,1,0,0,0,0,0,0,0
"Amato, A.",0,0,0,0,0,0,0,0,1,0,0,0,0,0,0,0
"An, Deokkeun",0,0,0,0,0,0,0,0,0,0,0,0,0,0,0,1
"Ananyeva, A.",0,0,0,0,0,0,0,0,1,0,0,0,0,0,0,0
"Anderson, Kurt S. J.",0,0,0,0,0,0,0,0,0,0,0,0,0,0,0,1
"Anderson, S. B.",0,0,0,0,0,0,0,0,1,0,0,0,0,0,0,0
"Anderson, Scott F.",0,0,0,0,0,0,0,0,0,0,0,0,0,0,0,1
"Anderson, W. G.",0,0,0,0,0,0,0,0,1,0,0,0,0,0,0,0
"Angelova, S. V.",0,0,0,0,0,0,0,0,1,0,0,0,0,0,0,0
"Annis, James",0,0,0,0,0,0,0,0,0,0,0,0,0,0,0,1
"Antier, S.",0,0,0,0,0,0,0,0,1,0,0,0,0,0,0,0
"Appert, S.",0,0,0,0,0,0,0,0,1,0,0,0,0,0,0,0
"Arai, K.",0,0,0,0,0,0,0,0,1,0,0,0,0,0,0,0
"Arain, M. A.",0,0,0,0,0,0,0,0,1,0,0,0,0,0,0,0
"Araya, M. C.",0,0,0,0,0,0,0,0,1,0,0,0,0,0,0,0
"Arceneaux, C. C.",0,0,0,0,0,0,0,0,1,0,0,0,0,0,0,0
"Areeda, J. S.",0,0,0,0,0,0,0,0,1,0,0,0,0,0,0,0
"Arenou, F.",0,0,1,0,0,0,0,0,0,0,0,0,0,0,0,0
"Armus, Lee",0,0,0,0,0,0,0,0,0,0,0,0,0,0,1,0
"Arnaud, N.",0,0,0,0,0,0,0,0,1,0,0,0,0,0,0,0
"Arnouts, S.",0,0,0,1,0,0,0,0,0,0,0,0,0,0,0,0
"Arun, K. G.",0,0,0,0,0,0,0,0,1,0,0,0,0,0,0,0
"Ascenzi, S.",0,0,0,0,0,0,0,0,1,0,0,0,0,0,0,0
"Ashton, G.",0,0,0,0,0,0,0,0,1,0,0,0,0,0,0,0
"Ast, M.",0,0,0,0,0,0,0,0,1,0,0,0,0,0,0,0
"Aston, S. M.",0,0,0,0,0,0,0,0,1,0,0,0,0,0,0,0
"Astone, P.",0,0,0,0,0,0,0,0,1,0,0,0,0,0,0,0
"Atallah, D. V.",0,0,0,0,0,0,0,0,1,0,0,0,0,0,0,0
"Aufmuth, P.",0,0,0,0,0,0,0,0,1,0,0,0,0,0,0,0
"Aulbert, C.",0,0,0,0,0,0,0,0,1,0,0,0,0,0,0,0
"AultONeal, K.",0,0,0,0,0,0,0,0,1,0,0,0,0,0,0,0
"Austin, C.",0,0,0,0,0,0,0,0,1,0,0,0,0,0,0,0
"Avila-Alvarez, A.",0,0,0,0,0,0,0,0,1,0,0,0,0,0,0,0
"Babak, S.",0,0,0,0,0,0,0,0,1,0,0,0,0,0,0,0
"Bacon, P.",0,0,0,0,0,0,0,0,1,0,0,0,0,0,0,0
"Bader, M. K. M.",0,0,0,0,0,0,0,0,1,0,0,0,0,0,0,0
"Bae, S.",0,0,0,0,0,0,0,0,1,0,0,0,0,0,0,0
"Bahcall, Neta A.",0,0,0,0,0,0,0,0,0,0,0,0,0,0,0,1
"Baiardi, L. Cerboni",0,0,0,0,0,0,0,0,1,0,0,0,0,0,0,0
"Bailer-Jones, C. A. L.",0,0,0,0,0,0,0,0,0,0,0,0,0,0,0,1
"Bailes, M.",0,0,0,0,0,0,0,0,1,0,0,0,0,0,0,0
"Baker, P. T.",0,0,0,0,0,0,0,0,1,0,0,0,0,0,0,0
"Baldaccini, F.",0,0,0,0,0,0,0,0,1,0,0,0,0,0,0,0
"Ballardin, G.",0,0,0,0,0,0,0,0,1,0,0,0,0,0,0,0
"Ballmer, S. W.",0,0,0,0,0,0,0,0,1,0,0,0,0,0,0,0
"Banagiri, S.",0,0,0,0,0,0,0,0,1,0,0,0,0,0,0,0
"Baraffe, I.",0,0,1,0,0,0,0,0,0,0,0,0,0,0,0,0
"Barayoga, J. C.",0,0,0,0,0,0,0,0,1,0,0,0,0,0,0,0
"Barclay, S. E.",0,0,0,0,0,0,0,0,1,0,0,0,0,0,0,0
"Barentine, J. C.",0,0,0,0,0,0,0,0,0,0,0,0,0,0,0,1
"Barish, B. C.",0,0,0,0,0,0,0,0,1,0,0,0,0,0,0,0
"Barker, D.",0,0,0,0,0,0,0,0,1,0,0,0,0,0,0,0
"Barkett, K.",0,0,0,0,0,0,0,0,1,0,0,0,0,0,0,0
"Barone, F.",0,0,0,0,0,0,0,0,1,0,0,0,0,0,0,0
"Barr, B.",0,0,0,0,0,0,0,0,1,0,0,0,0,0,0,0
"Barsotti, L.",0,0,0,0,0,0,0,0,1,0,0,0,0,0,0,0
"Barsuglia, M.",0,0,0,0,0,0,0,0,1,0,0,0,0,0,0,0
"Barta, D.",0,0,0,0,0,0,0,0,1,0,0,0,0,0,0,0
"Barthelmy, S. D.",0,0,0,0,0,0,0,0,1,0,0,0,0,0,0,0
"Bartlett, J.",0,0,0,0,0,0,0,0,1,0,0,0,0,0,0,0
"Barton, M. A.",0,0,0,0,0,0,0,0,1,0,0,0,0,0,0,0
"Bartos, I.",0,0,0,0,0,0,0,0,1,0,0,0,0,0,0,0
"Bassett, Bruce A.",0,0,0,0,0,0,0,0,0,0,0,0,0,0,0,1
"Bassiri, R.",0,0,0,0,0,0,0,0,1,0,0,0,0,0,0,0
"Basti, A.",0,0,0,0,0,0,0,0,1,0,0,0,0,0,0,0
"Bastian, U.",0,0,1,0,0,0,0,0,0,0,0,0,0,0,0,0
"Batch, J. C.",0,0,0,0,0,0,0,0,1,0,0,0,0,0,0,0
"Baune, C.",0,0,0,0,0,0,0,0,1,0,0,0,0,0,0,0
"Bavigadda, V.",0,0,0,0,0,0,0,0,1,0,0,0,0,0,0,0
"Bawaj, M.",0,0,0,0,0,0,0,0,1,0,0,0,0,0,0,0
"Bayley, J. C.",0,0,0,0,0,0,0,0,1,0,0,0,0,0,0,0
"Bazzan, M.",0,0,0,0,0,0,0,0,1,0,0,0,0,0,0,0
"Becker, Andrew C.",0,0,0,0,0,0,0,0,0,0,0,0,0,0,0,1
"Beer, C.",0,0,0,0,0,0,0,0,1,0,0,0,0,0,0,0
"Beers, Timothy C.",0,0,0,0,0,0,0,0,0,0,0,0,0,0,0,1
"Behnke, B.",0,0,0,0,0,0,0,0,1,0,0,0,0,0,0,0
"Bejger, M.",0,0,0,0,0,0,0,0,1,0,0,0,0,0,0,0
"Belahcene, I.",0,0,0,0,0,0,0,0,1,0,0,0,0,0,0,0
"Belczynski, C.",0,0,0,0,0,0,0,0,1,0,0,0,0,0,0,0
"Bell, A. S.",0,0,0,0,0,0,0,0,1,0,0,0,0,0,0,0
"Bell, C. J.",0,0,0,0,0,0,0,0,1,0,0,0,0,0,0,0
"Bell, Eric F.",0,0,0,0,0,0,0,0,0,0,0,0,0,0,0,1
"Belokurov, Vasily",0,0,0,0,0,0,0,0,0,0,0,0,0,0,0,1
"Bender, Ralf",0,0,0,0,0,0,0,0,0,0,0,0,0,1,1,0
"Bennett, C. L.",0,0,0,0,0,0,0,0,0,0,0,0,0,0,0,1
"Berger, B. K.",0,0,0,0,0,0,0,0,1,0,0,0,0,0,0,0
"Bergman, J.",0,0,0,0,0,0,0,0,1,0,0,0,0,0,0,0
"Bergmann, G.",0,0,0,0,0,0,0,0,1,0,0,0,0,0,0,0
"Berlind, Andreas A.",0,0,0,0,0,0,0,0,0,0,0,0,0,0,0,1
"Berman, Eileen F.",0,0,0,0,0,0,0,0,0,0,0,0,0,0,0,1
"Bernacca, P. L.",0,0,1,0,0,0,0,0,0,0,0,0,0,0,0,0
"Bernardi, Mariangela",0,0,0,0,0,0,0,0,0,0,0,0,0,0,0,1
"Bernuzzi, S.",0,0,0,0,0,0,0,0,1,0,0,0,0,0,0,0
"Bero, J. J.",0,0,0,0,0,0,0,0,1,0,0,0,0,0,0,0
"Berry, C. P. L.",0,0,0,0,0,0,0,0,1,0,0,0,0,0,0,0
"Bersanetti, D.",0,0,0,0,0,0,0,0,1,0,0,0,0,0,0,0
"Bertin, E.",0,0,0,1,0,0,0,0,0,0,0,0,0,0,0,0
"Bertolini, A.",0,0,0,0,0,0,0,0,1,0,0,0,0,0,0,0
"Betzwieser, J.",0,0,0,0,0,0,0,0,1,0,0,0,0,0,0,0
"Bhagwat, S.",0,0,0,0,0,0,0,0,1,0,0,0,0,0,0,0
"Bhandare, R.",0,0,0,0,0,0,0,0,1,0,0,0,0,0,0,0
"Bickerton, Steven J.",0,0,0,0,0,0,0,0,0,0,0,0,0,0,0,1
"Bilenko, I. A.",0,0,0,0,0,0,0,0,1,0,0,0,0,0,0,0
"Billingsley, G.",0,0,0,0,0,0,0,0,1,0,0,0,0,0,0,0
"Billman, C. R.",0,0,0,0,0,0,0,0,1,0,0,0,0,0,0,0
"Binney, James",0,0,0,0,0,0,0,0,0,1,0,0,0,0,0,0
"Birch, J.",0,0,0,0,0,0,0,0,1,0,0,0,0,0,0,0
"Birney, R.",0,0,0,0,0,0,0,0,1,0,0,0,0,0,0,0
"Birnholtz, O.",0,0,0,0,0,0,0,0,1,0,0,0,0,0,0,0
"Biscans, S.",0,0,0,0,0,0,0,0,1,0,0,0,0,0,0,0
"Biscoveanu, S.",0,0,0,0,0,0,0,0,1,0,0,0,0,0,0,0
"Bisht, A.",0,0,0,0,0,0,0,0,1,0,0,0,0,0,0,0
"Bitossi, M.",0,0,0,0,0,0,0,0,1,0,0,0,0,0,0,0
"Biwer, C.",0,0,0,0,0,0,0,0,1,0,0,0,0,0,0,0
"Bizouard, M. A.",0,0,0,0,0,0,0,0,1,0,0,0,0,0,0,0
"Bizyaev, Dmitry",0,0,0,0,0,0,0,0,0,0,0,0,0,0,0,1
"Blackburn, J. K.",0,0,0,0,0,0,0,0,1,0,0,0,0,0,0,0
"Blackman, J.",0,0,0,0,0,0,0,0,1,0,0,0,0,0,0,0
"Blair, C. D.",0,0,0,0,0,0,0,0,1,0,0,0,0,0,0,0
"Blair, D. G.",0,0,0,0,0,0,0,0,1,0,0,0,0,0,0,0
"Blair, R. M.",0,0,0,0,0,0,0,0,1,0,0,0,0,0,0,0
"Blakeslee, John P.",0,0,0,0,0,0,0,0,0,0,0,0,0,0,0,1
"Blanton, Michael R.",0,0,0,0,0,0,0,0,0,0,0,0,0,0,0,1
"Bloemen, S.",0,0,0,0,0,0,0,0,1,0,0,0,0,0,0,0
"Bochanski, John J.",0,0,0,0,0,0,0,0,0,0,0,0,0,0,0,1
"Bock, O.",0,0,0,0,0,0,0,0,1,0,0,0,0,0,0,0
"Bode, N.",0,0,0,0,0,0,0,0,1,0,0,0,0,0,0,0
"Bodiya, T. P.",0,0,0,0,0,0,0,0,1,0,0,0,0,0,0,0
"Boer, M.",0,0,0,0,0,0,0,0,1,0,0,0,0,0,0,0
"Bogaert, G.",0,0,0,0,0,0,0,0,1,0,0,0,0,0,0,0
"Bogan, C.",0,0,0,0,0,0,0,0,1,0,0,0,0,0,0,0
"Bohe, A.",0,0,0,0,0,0,0,0,1,0,0,0,0,0,0,0
"Bohlin, R. C.",0,0,0,0,0,0,0,0,0,0,0,0,0,0,1,0
"Bohlin, Ralph C.",0,0,0,0,0,0,0,0,0,0,0,0,0,0,1,0
"Bojtos, P.",0,0,0,0,0,0,0,0,1,0,0,0,0,0,0,0
"Bond, C.",0,0,0,0,0,0,0,0,1,0,0,0,0,0,0,0
"Bondu, F.",0,0,0,0,0,0,0,0,1,0,0,0,0,0,0,0
"Bonilla, E.",0,0,0,0,0,0,0,0,1,0,0,0,0,0,0,0
"Bonnand, R.",0,0,0,0,0,0,0,0,1,0,0,0,0,0,0,0
"Boom, B. A.",0,0,0,0,0,0,0,0,1,0,0,0,0,0,0,0
"Bork, R.",0,0,0,0,0,0,0,0,1,0,0,0,0,0,0,0
"Boroski, William N.",0,0,0,0,0,0,0,0,0,0,0,0,0,0,0,1
"Boschi, V.",0,0,0,0,0,0,0,0,1,0,0,0,0,0,0,0
"Bose, S.",0,0,0,0,0,0,0,0,1,0,0,0,0,0,0,0
"Bossie, K.",0,0,0,0,0,0,0,0,1,0,0,0,0,0,0,0
"Bouffanais, Y.",0,0,0,0,0,0,0,0,1,0,0,0,0,0,0,0
"Bower, Gary",0,0,0,0,0,0,0,0,0,0,0,0,0,1,1,0
"Bozzi, A.",0,0,0,0,0,0,0,0,1,0,0,0,0,0,0,0
"Bradaschia, C.",0,0,0,0,0,0,0,0,1,0,0,0,0,0,0,0
"Brady, P. R.",0,0,0,0,0,0,0,0,1,0,0,0,0,0,0,0
"Braginsky, V. B.",0,0,0,0,0,0,0,0,1,0,0,0,0,0,0,0
"Branchesi, M.",0,0,0,0,0,0,0,0,1,0,0,0,0,0,0,0
"Brau, J. E.",0,0,0,0,0,0,0,0,1,0,0,0,0,0,0,0
"Brewington, Howard J.",0,0,0,0,0,0,0,0,0,0,0,0,0,0,0,1
"Briant, T.",0,0,0,0,0,0,0,0,1,0,0,0,0,0,0,0
"Brillet, A.",0,0,0,0,0,0,0,0,1,0,0,0,0,0,0,0
"Brinchmann, Jarle",0,0,0,0,0,1,0,0,0,0,0,0,0,0,1,1
"Brinkmann, J.",0,0,0,0,0,0,0,0,0,0,0,0,0,0,0,1
"Brinkmann, Jon",0,0,0,0,0,1,0,0,0,0,0,0,0,0,1,0
"Brinkmann, M.",0,0,0,0,0,0,0,0,1,0,0,0,0,0,0,0
"Brisson, V.",0,0,0,0,0,0,0,0,1,0,0,0,0,0,0,0
"Brockill, P.",0,0,0,0,0,0,0,0,1,0,0,0,0,0,0,0
"Broida, J. E.",0,0,0,0,0,0,0,0,1,0,0,0,0,0,0,0
"Brooks, A. F.",0,0,0,0,0,0,0,0,1,0,0,0,0,0,0,0
"Brown, D. A.",0,0,0,0,0,0,0,0,1,0,0,0,0,0,0,0
"Brown, D. D.",0,0,0,0,0,0,0,0,1,0,0,0,0,0,0,0
"Brown, N. M.",0,0,0,0,0,0,0,0,1,0,0,0,0,0,0,0
"Brunett, S.",0,0,0,0,0,0,0,0,1,0,0,0,0,0,0,0
"Brunner, Robert J.",0,0,0,0,0,0,0,0,0,0,0,0,0,0,0,1
"Bruzual, G.",0,0,0,0,0,1,0,0,0,0,0,0,0,0,0,0
"Buchanan, C. C.",0,0,0,0,0,0,0,0,1,0,0,0,0,0,0,0
"Budavári, Tamás",0,0,0,0,0,0,0,0,0,0,0,0,0,0,0,1
"Buikema, A.",0,0,0,0,0,0,0,0,1,0,0,0,0,0,0,0
"Bulik, T.",0,0,0,0,0,0,0,0,1,0,0,0,0,0,0,0
"Bulten, H. J.",0,0,0,0,0,0,0,0,1,0,0,0,0,0,0,0
"Buonanno, A.",0,0,0,0,0,0,0,0,1,0,0,0,0,0,0,0
"Burbidge, E. Margaret",0,0,0,0,0,0,0,0,0,0,0,1,0,0,0,0
"Burbidge, G. R.",0,0,0,0,0,0,0,0,0,0,0,1,0,0,0,0
"Burstein, D.",0,0,0,0,0,0,0,0,0,0,0,0,0,1,0,0
"Buskulic, D.",0,0,0,0,0,0,0,0,1,0,0,0,0,0,0,0
"Bustillo, J. Calderón",0,0,0,0,0,0,0,0,1,0,0,0,0,0,0,0
"Buy, C.",0,0,0,0,0,0,0,0,1,0,0,0,0,0,0,0
"Byer, R. L.",0,0,0,0,0,0,0,0,1,0,0,0,0,0,0,0
"Bécsy, B.",0,0,0,0,0,0,0,0,1,0,0,0,0,0,0,0
"Cabero, M.",0,0,0,0,0,0,0,0,1,0,0,0,0,0,0,0
"Cadonati, L.",0,0,0,0,0,0,0,0,1,0,0,0,0,0,0,0
"Cagnoli, G.",0,0,0,0,0,0,0,0,1,0,0,0,0,0,0,0
"Cahillane, C.",0,0,0,0,0,0,0,0,1,0,0,0,0,0,0,0
"Calderón Bustillo, J.",0,0,0,0,0,0,0,0,1,0,0,0,0,0,0,0
"Callister, T.",0,0,0,0,0,0,0,0,1,0,0,0,0,0,0,0
"Callister, T. A.",0,0,0,0,0,0,0,0,1,0,0,0,0,0,0,0
"Calloni, E.",0,0,0,0,0,0,0,0,1,0,0,0,0,0,0,0
"Calzetti, Daniela",0,0,0,0,0,0,0,0,0,0,0,0,0,0,1,0
"Camp, J. B.",0,0,0,0,0,0,0,0,1,0,0,0,0,0,0,0
"Canepa, M.",0,0,0,0,0,0,0,0,1,0,0,0,0,0,0,0
"Canizares, P.",0,0,0,0,0,0,0,0,1,0,0,0,0,0,0,0
"Cannon, K. C.",0,0,0,0,0,0,0,0,1,0,0,0,0,0,0,0
"Cao, H.",0,0,0,0,0,0,0,0,1,0,0,0,0,0,0,0
"Cao, J.",0,0,0,0,0,0,0,0,1,0,0,0,0,0,0,0
"Capano, C. D.",0,0,0,0,0,0,0,0,1,0,0,0,0,0,0,0
"Capocasa, E.",0,0,0,0,0,0,0,0,1,0,0,0,0,0,0,0
"Carbognani, F.",0,0,0,0,0,0,0,0,1,0,0,0,0,0,0,0
"Carey, Larry N.",0,0,0,0,0,0,0,0,0,0,0,0,0,0,0,1
"Caride, S.",0,0,0,0,0,0,0,0,1,0,0,0,0,0,0,0
"Carliles, Samuel",0,0,0,0,0,0,0,0,0,0,0,0,0,0,0,1
"Carney, M. F.",0,0,0,0,0,0,0,0,1,0,0,0,0,0,0,0
"Carr, Michael A.",0,0,0,0,0,0,0,0,0,0,0,0,0,0,0,1
"Carullo, G.",0,0,0,0,0,0,0,0,1,0,0,0,0,0,0,0
"Casanueva Diaz, J.",0,0,0,0,0,0,0,0,1,0,0,0,0,0,0,0
"Casentini, C.",0,0,0,0,0,0,0,0,1,0,0,0,0,0,0,0
"Castander, Francisco J.",0,0,0,0,0,0,0,0,0,0,0,0,0,0,0,1
"Castro, J. M. Gonzalez",0,0,0,0,0,0,0,0,1,0,0,0,0,0,0,0
"Caudill, S.",0,0,0,0,0,0,0,0,1,0,0,0,0,0,0,0
"Cavaglià, M.",0,0,0,0,0,0,0,0,1,0,0,0,0,0,0,0
"Cavalier, F.",0,0,0,0,0,0,0,0,1,0,0,0,0,0,0,0
"Cavalieri, R.",0,0,0,0,0,0,0,0,1,0,0,0,0,0,0,0
"Cella, G.",0,0,0,0,0,0,0,0,1,0,0,0,0,0,0,0
"Cepeda, C. B.",0,0,0,0,0,0,0,0,1,0,0,0,0,0,0,0
"Cerdá-Durán, P.",0,0,0,0,0,0,0,0,1,0,0,0,0,0,0,0
"Cerretani, G.",0,0,0,0,0,0,0,0,1,0,0,0,0,0,0,0
"Cesarini, E.",0,0,0,0,0,0,0,0,1,0,0,0,0,0,0,0
"Chabrier, G.",0,0,1,0,0,0,0,0,0,0,0,0,0,0,0,0
"Chabrier, Gilles",0,0,0,0,0,0,0,0,0,0,1,0,0,0,0,0
"Chakraborty, R.",0,0,0,0,0,0,0,0,1,0,0,0,0,0,0,0
"Chalermsongsak, T.",0,0,0,0,0,0,0,0,1,0,0,0,0,0,0,0
"Chamberlin, S. J.",0,0,0,0,0,0,0,0,1,0,0,0,0,0,0,0
"Chan, M.",0,0,0,0,0,0,0,0,1,0,0,0,0,0,0,0
"Chao, S.",0,0,0,0,0,0,0,0,1,0,0,0,0,0,0,0
"Charlot, S.",0,0,0,0,0,1,0,0,0,0,0,0,0,0,0,0
"Charlot, Stéphane",0,0,0,0,0,1,0,0,0,0,0,0,0,0,1,0
"Charlton, P.",0,0,0,0,0,0,0,0,1,0,0,0,0,0,0,0
"Chase, E.",0,0,0,0,0,0,0,0,1,0,0,0,0,0,0,0
"Chassande-Mottin, E.",0,0,0,0,0,0,0,0,1,0,0,0,0,0,0,0
"Chatterjee, D.",0,0,0,0,0,0,0,0,1,0,0,0,0,0,0,0
"Chatziioannou, K.",0,0,0,0,0,0,0,0,1,0,0,0,0,0,0,0
"Cheeseboro, B. D.",0,0,0,0,0,0,0,0,1,0,0,0,0,0,0,0
"Chen, H. Y.",0,0,0,0,0,0,0,0,1,0,0,0,0,0,0,0
"Chen, X.",0,0,0,0,0,0,0,0,1,0,0,0,0,0,0,0
"Chen, Y.",0,0,0,0,0,0,0,0,1,0,0,0,0,0,0,0
"Cheng, C.",0,0,0,0,0,0,0,0,1,0,0,0,0,0,0,0
"Cheng, H. -P.",0,0,0,0,0,0,0,0,1,0,0,0,0,0,0,0
"Chia, H.",0,0,0,0,0,0,0,0,1,0,0,0,0,0,0,0
"Chincarini, A.",0,0,0,0,0,0,0,0,1,0,0,0,0,0,0,0
"Chiummo, A.",0,0,0,0,0,0,0,0,1,0,0,0,0,0,0,0
"Chmiel, T.",0,0,0,0,0,0,0,0,1,0,0,0,0,0,0,0
"Cho, H. S.",0,0,0,0,0,0,0,0,1,0,0,0,0,0,0,0
"Cho, M.",0,0,0,0,0,0,0,0,1,0,0,0,0,0,0,0
"Chow, J. H.",0,0,0,0,0,0,0,0,1,0,0,0,0,0,0,0
"Christensen, N.",0,0,0,0,0,0,0,0,1,0,0,0,0,0,0,0
"Chu, Q.",0,0,0,0,0,0,0,0,1,0,0,0,0,0,0,0
"Chua, A. J. K.",0,0,0,0,0,0,0,0,1,0,0,0,0,0,0,0
"Chua, S.",0,0,0,0,0,0,0,0,1,0,0,0,0,0,0,0
"Chung, A. K. W.",0,0,0,0,0,0,0,0,1,0,0,0,0,0,0,0
"Chung, S.",0,0,0,0,0,0,0,0,1,0,0,0,0,0,0,0
"Ciani, G.",0,0,0,0,0,0,0,0,1,0,0,0,0,0,0,0
"Cinabro, David",0,0,0,0,0,0,0,0,0,0,0,0,0,0,0,1
"Ciolfi, R.",0,0,0,0,0,0,0,0,1,0,0,0,0,0,0,0
"Cirelli, C. E.",0,0,0,0,0,0,0,0,1,0,0,0,0,0,0,0
"Cirone, A.",0,0,0,0,0,0,0,0,1,0,0,0,0,0,0,0
"Clara, F.",0,0,0,0,0,0,0,0,1,0,0,0,0,0,0,0
"Clark, J. A.",0,0,0,0,0,0,0,0,1,0,0,0,0,0,0,0
"Clearwater, P.",0,0,0,0,0,0,0,0,1,0,0,0,0,0,0,0
"Cleva, F.",0,0,0,0,0,0,0,0,1,0,0,0,0,0,0,0
"Cocchieri, C.",0,0,0,0,0,0,0,0,1,0,0,0,0,0,0,0
"Coccia, E.",0,0,0,0,0,0,0,0,1,0,0,0,0,0,0,0
"Cohadon, P. -F.",0,0,0,0,0,0,0,0,1,0,0,0,0,0,0,0
"Cohen, D.",0,0,0,0,0,0,0,0,1,0,0,0,0,0,0,0
"Colla, A.",0,0,0,0,0,0,0,0,1,0,0,0,0,0,0,0
"Collette, C. G.",0,0,0,0,0,0,0,0,1,0,0,0,0,0,0,0
"Cominsky, L.",0,0,0,0,0,0,0,0,1,0,0,0,0,0,0,0
"Cominsky, L. R.",0,0,0,0,0,0,0,0,1,0,0,0,0,0,0,0
"Connolly, A. J.",0,0,0,0,0,0,0,0,0,0,0,0,0,0,0,1
"Constancio, M.",0,0,0,0,0,0,0,0,1,0,0,0,0,0,0,0
"Conte, A.",0,0,0,0,0,0,0,0,1,0,0,0,0,0,0,0
"Conti, L.",0,0,0,0,0,0,0,0,1,0,0,0,0,0,0,0
"Cook, D.",0,0,0,0,0,0,0,0,1,0,0,0,0,0,0,0
"Cooper, S. J.",0,0,0,0,0,0,0,0,1,0,0,0,0,0,0,0
"Corban, P.",0,0,0,0,0,0,0,0,1,0,0,0,0,0,0,0
"Corbitt, T. R.",0,0,0,0,0,0,0,0,1,0,0,0,0,0,0,0
"Cordero-Carrión, I.",0,0,0,0,0,0,0,0,1,0,0,0,0,0,0,0
"Corley, K. R.",0,0,0,0,0,0,0,0,1,0,0,0,0,0,0,0
"Cornish, N.",0,0,0,0,0,0,0,0,1,0,0,0,0,0,0,0
"Corsi, A.",0,0,0,0,0,0,0,0,1,0,0,0,0,0,0,0
"Cortese, S.",0,0,0,0,0,0,0,0,1,0,0,0,0,0,0,0
"Costa, C. A.",0,0,0,0,0,0,0,0,1,0,0,0,0,0,0,0
"Coughlin, M. W.",0,0,0,0,0,0,0,0,1,0,0,0,0,0,0,0
"Coughlin, S. B.",0,0,0,0,0,0,0,0,1,0,0,0,0,0,0,0
"Coulon, J. -P.",0,0,0,0,0,0,0,0,1,0,0,0,0,0,0,0
"Countryman, S. T.",0,0,0,0,0,0,0,0,1,0,0,0,0,0,0,0
"Couvares, P.",0,0,0,0,0,0,0,0,1,0,0,0,0,0,0,0
"Covas, P. B.",0,0,0,0,0,0,0,0,1,0,0,0,0,0,0,0
"Cowan, E. E.",0,0,0,0,0,0,0,0,1,0,0,0,0,0,0,0
"Coward, D. M.",0,0,0,0,0,0,0,0,1,0,0,0,0,0,0,0
"Cowart, M. J.",0,0,0,0,0,0,0,0,1,0,0,0,0,0,0,0
"Coyne, D. C.",0,0,0,0,0,0,0,0,1,0,0,0,0,0,0,0
"Coyne, R.",0,0,0,0,0,0,0,0,1,0,0,0,0,0,0,0
"Craig, K.",0,0,0,0,0,0,0,0,1,0,0,0,0,0,0,0
"Creighton, J. D. E.",0,0,0,0,0,0,0,0,1,0,0,0,0,0,0,0
"Creighton, T. D.",0,0,0,0,0,0,0,0,1,0,0,0,0,0,0,0
"Creze, M.",0,0,1,0,0,0,0,0,0,0,0,0,0,0,0,0
"Cripe, J.",0,0,0,0,0,0,0,0,1,0,0,0,0,0,0,0
"Croton, Darren J.",0,0,0,0,0,1,0,0,0,0,0,0,0,0,0,0
"Crowder, S. G.",0,0,0,0,0,0,0,0,1,0,0,0,0,0,0,0
"Cruise, A. M.",0,0,0,0,0,0,0,0,1,0,0,0,0,0,0,0
"Csabai, István",0,0,0,0,0,0,0,0,0,0,0,0,0,0,0,1
"Cullen, T. J.",0,0,0,0,0,0,0,0,1,0,0,0,0,0,0,0
"Cumming, A.",0,0,0,0,0,0,0,0,1,0,0,0,0,0,0,0
"Cunha, Carlos E.",0,0,0,0,0,0,0,0,0,0,0,0,0,0,0,1
"Cunningham, L.",0,0,0,0,0,0,0,0,1,0,0,0,0,0,0,0
"Cuoco, E.",0,0,0,0,0,0,0,0,1,0,0,0,0,0,0,0
"Czarapata, Paul C.",0,0,0,0,0,0,0,0,0,0,0,0,0,0,0,1
"D'Antonio, S.",0,0,0,0,0,0,0,0,1,0,0,0,0,0,0,0
"Da Silva Costa, C. F.",0,0,0,0,0,0,0,0,1,0,0,0,0,0,0,0
"Dal Canton, T.",0,0,0,0,0,0,0,0,1,0,0,0,0,0,0,0
"Danilishin, S. L.",0,0,0,0,0,0,0,0,1,0,0,0,0,0,0,0
"Danzmann, K.",0,0,0,0,0,0,0,0,1,0,0,0,0,0,0,0
"Darman, N. S.",0,0,0,0,0,0,0,0,1,0,0,0,0,0,0,0
"Dasgupta, A.",0,0,0,0,0,0,0,0,1,0,0,0,0,0,0,0
"Dattilo, V.",0,0,0,0,0,0,0,0,1,0,0,0,0,0,0,0
"Dave, I.",0,0,0,0,0,0,0,0,1,0,0,0,0,0,0,0
"Daveloza, H. P.",0,0,0,0,0,0,0,0,1,0,0,0,0,0,0,0
"Davenport, James R. A.",0,0,0,0,0,0,0,0,0,0,0,0,0,0,0,1
"Davier, M.",0,0,0,0,0,0,0,0,1,0,0,0,0,0,0,0
"Davies, G. S.",0,0,0,0,0,0,0,0,1,0,0,0,0,0,0,0
"Davis, D.",0,0,0,0,0,0,0,0,1,0,0,0,0,0,0,0
"Daw, E. J.",0,0,0,0,0,0,0,0,1,0,0,0,0,0,0,0
"Day, B.",0,0,0,0,0,0,0,0,1,0,0,0,0,0,0,0
"Day, R.",0,0,0,0,0,0,0,0,1,0,0,0,0,0,0,0
"De Laurentis, M.",0,0,0,0,0,0,0,0,1,0,0,0,0,0,0,0
"De Lucia, G.",0,0,0,0,0,1,0,0,0,0,0,0,0,0,0,0
"De Pietri, R.",0,0,0,0,0,0,0,0,1,0,0,0,0,0,0,0
"De Rosa, R.",0,0,0,0,0,0,0,0,1,0,0,0,0,0,0,0
"De Rossi, C.",0,0,0,0,0,0,0,0,1,0,0,0,0,0,0,0
"De, S.",0,0,0,0,0,0,0,0,1,0,0,0,0,0,0,0
"DeBra, D.",0,0,0,0,0,0,0,0,1,0,0,0,0,0,0,0
"DeRosa, R. T.",0,0,0,0,0,0,0,0,1,0,0,0,0,0,0,0
"DeSalvo, R.",0,0,0,0,0,0,0,0,1,0,0,0,0,0,0,0
"Debreczeni, G.",0,0,0,0,0,0,0,0,1,0,0,0,0,0,0,0
"Degallaix, J.",0,0,0,0,0,0,0,0,1,0,0,0,0,0,0,0
"Del Pozzo, W.",0,0,0,0,0,0,0,0,1,0,0,0,0,0,0,0
"Delgado, Rosa M. González",0,0,0,0,0,0,0,0,0,0,0,0,0,0,0,1
"Deléglise, S.",0,0,0,0,0,0,0,0,1,0,0,0,0,0,0,0
"Demos, N.",0,0,0,0,0,0,0,0,1,0,0,0,0,0,0,0
"Denker, T.",0,0,0,0,0,0,0,0,1,0,0,0,0,0,0,0
"Dent, T.",0,0,0,0,0,0,0,0,1,0,0,0,0,0,0,0
"Dereli, H.",0,0,0,0,0,0,0,0,1,0,0,0,0,0,0,0
"Dergachev, V.",0,0,0,0,0,0,0,0,1,0,0,0,0,0,0,0
"Devenson, J.",0,0,0,0,0,0,0,0,1,0,0,0,0,0,0,0
"Devost, Daniel",0,0,0,0,0,0,0,0,0,0,0,0,0,0,0,1
"Dhurandhar, S.",0,0,0,0,0,0,0,0,1,0,0,0,0,0,0,0
"Di Fiore, L.",0,0,0,0,0,0,0,0,1,0,0,0,0,0,0,0
"Di Giovanni, M.",0,0,0,0,0,0,0,0,1,0,0,0,0,0,0,0
"Di Girolamo, T.",0,0,0,0,0,0,0,0,1,0,0,0,0,0,0,0
"Di Lieto, A.",0,0,0,0,0,0,0,0,1,0,0,0,0,0,0,0
"Di Pace, S.",0,0,0,0,0,0,0,0,1,0,0,0,0,0,0,0
"Di Palma, I.",0,0,0,0,0,0,0,0,1,0,0,0,0,0,0,0
"Di Renzo, F.",0,0,0,0,0,0,0,0,1,0,0,0,0,0,0,0
"Di Virgilio, A.",0,0,0,0,0,0,0,0,1,0,0,0,0,0,0,0
"Dietrich, T.",0,0,0,0,0,0,0,0,1,0,0,0,0,0,0,0
"Dilday, Ben",0,0,0,0,0,0,0,0,0,0,0,0,0,0,0,1
"Doctor, Z.",0,0,0,0,0,0,0,0,1,0,0,0,0,0,0,0
"Doi, Mamoru",0,0,0,0,0,0,0,0,0,0,0,0,0,0,0,1
"Dojcinoski, G.",0,0,0,0,0,0,0,0,1,0,0,0,0,0,0,0
"Dolique, V.",0,0,0,0,0,0,0,0,1,0,0,0,0,0,0,0
"Donati, F.",0,0,1,0,0,0,0,0,0,0,0,0,0,0,0,0
"Donovan, F.",0,0,0,0,0,0,0,0,1,0,0,0,0,0,0,0
"Dooley, K. L.",0,0,0,0,0,0,0,0,1,0,0,0,0,0,0,0
"Doravari, S.",0,0,0,0,0,0,0,0,1,0,0,0,0,0,0,0
"Dorrington, I.",0,0,0,0,0,0,0,0,1,0,0,0,0,0,0,0
"Douglas, R.",0,0,0,0,0,0,0,0,1,0,0,0,0,0,0,0
"Dovale Álvarez, M.",0,0,0,0,0,0,0,0,1,0,0,0,0,0,0,0
"Downes, T. P.",0,0,0,0,0,0,0,0,1,0,0,0,0,0,0,0
"Drago, M.",0,0,0,0,0,0,0,0,1,0,0,0,0,0,0,0
"Drake, J. F.",0,0,0,0,0,0,0,0,0,0,0,0,0,0,1,0
"Dreissigacker, C.",0,0,0,0,0,0,0,0,1,0,0,0,0,0,0,0
"Dressler, Alan",0,0,0,0,0,0,0,0,0,0,0,0,0,1,1,0
"Drever, R. W. P.",0,0,0,0,0,0,0,0,1,0,0,0,0,0,0,0
"Driggers, J. C.",0,0,0,0,0,0,0,0,1,0,0,0,0,0,0,0
"Du, Z.",0,0,0,0,0,0,0,0,1,0,0,0,0,0,0,0
"Ducrot, M.",0,0,0,0,0,0,0,0,1,0,0,0,0,0,0,0
"Dudi, R.",0,0,0,0,0,0,0,0,1,0,0,0,0,0,0,0
"Dupej, P.",0,0,0,0,0,0,0,0,1,0,0,0,0,0,0,0
"Duquennoy, A.",0,0,1,0,0,0,0,0,0,0,0,0,0,0,0,0
"Dwyer, S. E.",0,0,0,0,0,0,0,0,1,0,0,0,0,0,0,0
"Dálya, G.",0,0,0,0,0,0,0,0,1,0,0,0,0,0,0,0
"Díaz, M. C.",0,0,0,0,0,0,0,0,1,0,0,0,0,0,0,0
ESA,0,0,0,0,1,0,0,0,0,0,0,0,0,0,0,0
"Edo, T. B.",0,0,0,0,0,0,0,0,1,0,0,0,0,0,0,0
"Edwards, M. C.",0,0,0,0,0,0,0,0,1,0,0,0,0,0,0,0
"Effler, A.",0,0,0,0,0,0,0,0,1,0,0,0,0,0,0,0
"Eggenstein, H. -B.",0,0,0,0,0,0,0,0,1,0,0,0,0,0,0,0
"Ehrens, P.",0,0,0,0,0,0,0,0,1,0,0,0,0,0,0,0
"Eichholz, J.",0,0,0,0,0,0,0,0,1,0,0,0,0,0,0,0
"Eikenberry, S. S.",0,0,0,0,0,0,0,0,1,0,0,0,0,0,0,0
"Eisenstein, Daniel J.",0,0,0,0,0,0,0,0,0,0,0,0,0,0,0,1
"Eisenstein, R. A.",0,0,0,0,0,0,0,0,1,0,0,0,0,0,0,0
"Engels, W.",0,0,0,0,0,0,0,0,1,0,0,0,0,0,0,0
"Essick, R. C.",0,0,0,0,0,0,0,0,1,0,0,0,0,0,0,0
"Estevez, D.",0,0,0,0,0,0,0,0,1,0,0,0,0,0,0,0
"Etienne, Z. B.",0,0,0,0,0,0,0,0,1,0,0,0,0,0,0,0
"Etzel, T.",0,0,0,0,0,0,0,0,1,0,0,0,0,0,0,0
"Evans, M.",0,0,0,0,0,0,0,0,1,0,0,0,0,0,0,0
"Evans, Michael L.",0,0,0,0,0,0,0,0,0,0,0,0,0,0,0,1
"Evans, N. W.",0,0,0,0,0,0,0,0,0,0,0,0,0,0,0,1
"Evans, T. M.",0,0,0,0,0,0,0,0,1,0,0,0,0,0,0,0
"Everett, R.",0,0,0,0,0,0,0,0,1,0,0,0,0,0,0,0
"Faber, S. M.",0,0,0,0,0,0,0,0,0,0,0,0,0,1,1,0
"Factourovich, M.",0,0,0,0,0,0,0,0,1,0,0,0,0,0,0,0
"Fafone, V.",0,0,0,0,0,0,0,0,1,0,0,0,0,0,0,0
"Fair, H.",0,0,0,0,0,0,0,0,1,0,0,0,0,0,0,0
"Fairhurst, S.",0,0,0,0,0,0,0,0,1,0,0,0,0,0,0,0
"Fan, X.",0,0,0,0,0,0,0,0,1,0,0,0,0,0,0,0
"Fan, Xiaohui",0,0,0,0,0,0,0,0,0,0,0,0,0,0,0,1
"Fang, Q.",0,0,0,0,0,0,0,0,1,0,0,0,0,0,0,0
"Farinon, S.",0,0,0,0,0,0,0,0,1,0,0,0,0,0,0,0
"Farr, B.",0,0,0,0,0,0,0,0,1,0,0,0,0,0,0,0
"Farr, W. M.",0,0,0,0,0,0,0,0,1,0,0,0,0,0,0,0
"Fauchon-Jones, E. J.",0,0,0,0,0,0,0,0,1,0,0,0,0,0,0,0
"Favata, M.",0,0,0,0,0,0,0,0,1,0,0,0,0,0,0,0
"Fays, M.",0,0,0,0,0,0,0,0,1,0,0,0,0,0,0,0
"Fee, C.",0,0,0,0,0,0,0,0,1,0,0,0,0,0,0,0
"Fehrmann, H.",0,0,0,0,0,0,0,0,1,0,0,0,0,0,0,0
"Feicht, J.",0,0,0,0,0,0,0,0,1,0,0,0,0,0,0,0
"Fejer, M. M.",0,0,0,0,0,0,0,0,1,0,0,0,0,0,0,0
"Feldbaum, D.",0,0,0,0,0,0,0,0,1,0,0,0,0,0,0,0
"Fernandez-Galiana, A.",0,0,0,0,0,0,0,0,1,0,0,0,0,0,0,0
"Ferrante, I.",0,0,0,0,0,0,0,0,1,0,0,0,0,0,0,0
"Ferrarese, Laura",0,0,0,0,0,0,0,0,0,0,0,0,0,0,1,0
"Ferreira, E. C.",0,0,0,0,0,0,0,0,1,0,0,0,0,0,0,0
"Ferrini, F.",0,0,0,0,0,0,0,0,1,0,0,0,0,0,0,0
"Fidecaro, F.",0,0,0,0,0,0,0,0,1,0,0,0,0,0,0,0
"Filippenko, Alexei V.",0,0,0,0,0,0,0,0,0,0,0,0,0,0,1,0
"Finkbeiner, Douglas P.",0,0,0,0,0,0,0,0,0,0,0,0,0,0,1,0
"Finn, L. S.",0,0,0,0,0,0,0,0,1,0,0,0,0,0,0,0
"Finstad, D.",0,0,0,0,0,0,0,0,1,0,0,0,0,0,0,0
"Fiori, I.",0,0,0,0,0,0,0,0,1,0,0,0,0,0,0,0
"Fiorucci, D.",0,0,0,0,0,0,0,0,1,0,0,0,0,0,0,0
"Fishbach, M.",0,0,0,0,0,0,0,0,1,0,0,0,0,0,0,0
"Fisher, R. P.",0,0,0,0,0,0,0,0,1,0,0,0,0,0,0,0
"Fitz-Axen, M.",0,0,0,0,0,0,0,0,1,0,0,0,0,0,0,0
"Flaminio, R.",0,0,0,0,0,0,0,0,1,0,0,0,0,0,0,0
"Fletcher, M.",0,0,0,0,0,0,0,0,1,0,0,0,0,0,0,0
"Fong, H.",0,0,0,0,0,0,0,0,1,0,0,0,0,0,0,0
"Font, J. A.",0,0,0,0,0,0,0,0,1,0,0,0,0,0,0,0
"Forsyth, P. W. F.",0,0,0,0,0,0,0,0,1,0,0,0,0,0,0,0
"Forsyth, S. S.",0,0,0,0,0,0,0,0,1,0,0,0,0,0,0,0
"Fournier, J. -D.",0,0,0,0,0,0,0,0,1,0,0,0,0,0,0,0
"Fowler, William A.",0,0,0,0,0,0,0,0,0,0,0,1,0,0,0,0
"Franco, S.",0,0,0,0,0,0,0,0,1,0,0,0,0,0,0,0
"Frasca, S.",0,0,0,0,0,0,0,0,1,0,0,0,0,0,0,0
"Frasconi, F.",0,0,0,0,0,0,0,0,1,0,0,0,0,0,0,0
"Frede, M.",0,0,0,0,0,0,0,0,1,0,0,0,0,0,0,0
"Frei, Z.",0,0,0,0,0,0,0,0,1,0,0,0,0,0,0,0
"Freise, A.",0,0,0,0,0,0,0,0,1,0,0,0,0,0,0,0
"French Leger, R.",0,0,0,0,0,0,0,0,0,0,0,0,0,0,0,1
"Frenk, C. S.",0,0,0,0,0,1,0,0,0,0,0,0,0,0,0,0
"Frey, R.",0,0,0,0,0,0,0,0,1,0,0,0,0,0,0,0
"Frey, V.",0,0,0,0,0,0,0,0,1,0,0,0,0,0,0,0
"Fricke, T. T.",0,0,0,0,0,0,0,0,1,0,0,0,0,0,0,0
"Friedman, Scott D.",0,0,0,0,0,0,0,0,0,0,0,0,0,0,0,1
"Frieman, Joshua A.",0,0,0,0,0,0,0,0,0,0,0,0,0,0,0,1
"Fries, E. M.",0,0,0,0,0,0,0,0,1,0,0,0,0,0,0,0
"Fritschel, P.",0,0,0,0,0,0,0,0,1,0,0,0,0,0,0,0
"Froeschle, M.",0,0,1,0,0,0,0,0,0,0,0,0,0,0,0,0
"Frolov, V. V.",0,0,0,0,0,0,0,0,1,0,0,0,0,0,0,0
"Fukugita, Masataka",0,0,0,0,0,1,0,0,0,0,0,0,0,0,1,1
"Fulda, P.",0,0,0,0,0,0,0,0,1,0,0,0,0,0,0,0
"Fyffe, M.",0,0,0,0,0,0,0,0,1,0,0,0,0,0,0,0
"Gabbard, H.",0,0,0,0,0,0,0,0,1,0,0,0,0,0,0,0
"Gabbard, H. A. G.",0,0,0,0,0,0,0,0,1,0,0,0,0,0,0,0
"Gadre, B. U.",0,0,0,0,0,0,0,0,1,0,0,0,0,0,0,0
"Gaebel, S. M.",0,0,0,0,0,0,0,0,1,0,0,0,0,0,0,0
"Gair, J. R.",0,0,0,0,0,0,0,0,1,0,0,0,0,0,0,0
"Gammaitoni, L.",0,0,0,0,0,0,0,0,1,0,0,0,0,0,0,0
"Ganija, M. R.",0,0,0,0,0,0,0,0,1,0,0,0,0,0,0,0
"Gao, L.",0,0,0,0,0,1,0,0,0,0,0,0,0,0,0,0
"Gaonkar, S. G.",0,0,0,0,0,0,0,0,1,0,0,0,0,0,0,0
"Garcia-Quiros, C.",0,0,0,0,0,0,0,0,1,0,0,0,0,0,0,0
"Garufi, F.",0,0,0,0,0,0,0,0,1,0,0,0,0,0,0,0
"Gateley, B.",0,0,0,0,0,0,0,0,1,0,0,0,0,0,0,0
"Gates, Evalyn",0,0,0,0,0,0,0,0,0,0,0,0,0,0,0,1
"Gatto, A.",0,0,0,0,0,0,0,0,1,0,0,0,0,0,0,0
"Gaudio, S.",0,0,0,0,0,0,0,0,1,0,0,0,0,0,0,0
"Gaur, G.",0,0,0,0,0,0,0,0,1,0,0,0,0,0,0,0
"Gayathri, V.",0,0,0,0,0,0,0,0,1,0,0,0,0,0,0,0
"Gebhardt, Karl",0,0,0,0,0,0,0,0,0,0,0,0,0,1,1,0
"Gehrels, N.",0,0,0,0,0,0,0,0,1,0,0,0,0,0,0,0
"Geim, A. K.",0,0,0,0,0,0,0,1,0,0,0,0,0,0,0,0
"Gemme, G.",0,0,0,0,0,0,0,0,1,0,0,0,0,0,0,0
"Gendre, B.",0,0,0,0,0,0,0,0,1,0,0,0,0,0,0,0
"Genin, E.",0,0,0,0,0,0,0,0,1,0,0,0,0,0,0,0
"Gennai, A.",0,0,0,0,0,0,0,0,1,0,0,0,0,0,0,0
"George, D.",0,0,0,0,0,0,0,0,1,0,0,0,0,0,0,0
"George, J.",0,0,0,0,0,0,0,0,1,0,0,0,0,0,0,0
"Gergely, L.",0,0,0,0,0,0,0,0,1,0,0,0,0,0,0,0
"Germain, V.",0,0,0,0,0,0,0,0,1,0,0,0,0,0,0,0
"Ghigna, Sebastiano",0,0,0,0,0,0,0,0,0,0,0,0,0,0,1,0
"Ghonge, S.",0,0,0,0,0,0,0,0,1,0,0,0,0,0,0,0
"Ghosh, Abhirup",0,0,0,0,0,0,0,0,1,0,0,0,0,0,0,0
"Ghosh, Archisman",0,0,0,0,0,0,0,0,1,0,0,0,0,0,0,0
"Ghosh, S.",0,0,0,0,0,0,0,0,1,0,0,0,0,0,0,0
"Giaime, J. A.",0,0,0,0,0,0,0,0,1,0,0,0,0,0,0,0
"Giardina, K. D.",0,0,0,0,0,0,0,0,1,0,0,0,0,0,0,0
"Giazotto, A.",0,0,0,0,0,0,0,0,1,0,0,0,0,0,0,0
"Gill, K.",0,0,0,0,0,0,0,0,1,0,0,0,0,0,0,0
"Gillespie, Bruce",0,0,0,0,0,0,0,0,0,0,0,0,0,0,0,1
"Gilmore, G.",0,0,0,0,0,0,0,0,0,0,0,0,0,0,0,1
"Glaefke, A.",0,0,0,0,0,0,0,0,1,0,0,0,0,0,0,0
"Gleason, J. R.",0,0,0,0,0,0,0,0,1,0,0,0,0,0,0,0
"Glover, L.",0,0,0,0,0,0,0,0,1,0,0,0,0,0,0,0
"Goetz, E.",0,0,0,0,0,0,0,0,1,0,0,0,0,0,0,0
"Goetz, R.",0,0,0,0,0,0,0,0,1,0,0,0,0,0,0,0
"Goldader, Jeffrey D.",0,0,0,0,0,0,0,0,0,0,0,0,0,0,0,1
"Goldreich, Peter",0,0,0,0,0,0,0,0,0,0,0,0,0,0,1,0
"Gomes, S.",0,0,0,0,0,0,0,0,1,0,0,0,0,0,0,0
"Goncharov, B.",0,0,0,0,0,0,0,0,1,0,0,0,0,0,0,0
"Gondan, L.",0,0,0,0,0,0,0,0,1,0,0,0,0,0,0,0
"Gonzalez Castro, J. M.",0,0,0,0,0,0,0,0,1,0,0,0,0,0,0,0
"Gonzalez, Belinda",0,0,0,0,0,0,0,0,0,0,0,0,0,0,0,1
"Gonzalez, Carlos F.",0,0,0,0,0,0,0,0,0,0,0,0,0,0,0,1
"González, G.",0,0,0,0,0,0,0,0,1,0,0,0,0,0,0,0
"Gopakumar, A.",0,0,0,0,0,0,0,0,1,0,0,0,0,0,0,0
"Gordon, N. A.",0,0,0,0,0,0,0,0,1,0,0,0,0,0,0,0
"Gorodetsky, M. L.",0,0,0,0,0,0,0,0,1,0,0,0,0,0,0,0
"Gossan, S. E.",0,0,0,0,0,0,0,0,1,0,0,0,0,0,0,0
"Gosselin, M.",0,0,0,0,0,0,0,0,1,0,0,0,0,0,0,0
"Gouaty, R.",0,0,0,0,0,0,0,0,1,0,0,0,0,0,0,0
"Governato, Fabio",0,0,0,0,0,0,0,0,0,0,0,0,0,0,1,0
"Grado, A.",0,0,0,0,0,0,0,0,1,0,0,0,0,0,0,0
"Graef, C.",0,0,0,0,0,0,0,0,1,0,0,0,0,0,0,0
"Graff, P. B.",0,0,0,0,0,0,0,0,1,0,0,0,0,0,0,0
"Granata, M.",0,0,0,0,0,0,0,0,1,0,0,0,0,0,0,0
"Grant, A.",0,0,0,0,0,0,0,0,1,0,0,0,0,0,0,0
"Gras, S.",0,0,0,0,0,0,0,0,1,0,0,0,0,0,0,0
"Gray, C.",0,0,0,0,0,0,0,0,1,0,0,0,0,0,0,0
"Grebel, Eva K.",0,0,0,0,0,0,0,0,0,0,0,0,0,0,0,1
"Greco, G.",0,0,0,0,0,0,0,0,1,0,0,0,0,0,0,0
"Green, A. C.",0,0,0,0,0,0,0,0,1,0,0,0,0,0,0,0
"Green, Richard",0,0,0,0,0,0,0,0,0,0,0,0,0,1,1,0
"Greenhalgh, R. J. S.",0,0,0,0,0,0,0,0,1,0,0,0,0,0,0,0
"Grenon, M.",0,0,1,0,0,0,0,0,0,0,0,0,0,0,0,0
"Gretarsson, E. M.",0,0,0,0,0,0,0,0,1,0,0,0,0,0,0,0
"Grewing, M.",0,0,1,0,0,0,0,0,0,0,0,0,0,0,0,0
"Grillmair, Carl",0,0,0,0,0,0,0,0,0,0,0,0,0,1,1,0
"Groot, P.",0,0,0,0,0,0,0,0,1,0,0,0,0,0,0,0
"Grote, H.",0,0,0,0,0,0,0,0,1,0,0,0,0,0,0,0
"Grunewald, S.",0,0,0,0,0,0,0,0,1,0,0,0,0,0,0,0
"Gruning, P.",0,0,0,0,0,0,0,0,1,0,0,0,0,0,0,0
"Guidi, G. M.",0,0,0,0,0,0,0,0,1,0,0,0,0,0,0,0
"Gunn, James E.",0,0,0,0,0,0,0,0,0,0,0,0,0,0,0,1
"Guo, X.",0,0,0,0,0,0,0,0,1,0,0,0,0,0,0,0
"Gupta, A.",0,0,0,0,0,0,0,0,1,0,0,0,0,0,0,0
"Gupta, M. K.",0,0,0,0,0,0,0,0,1,0,0,0,0,0,0,0
"Gushwa, K. E.",0,0,0,0,0,0,0,0,1,0,0,0,0,0,0,0
"Gustafson, E. K.",0,0,0,0,0,0,0,0,1,0,0,0,0,0,0,0
"Gustafson, R.",0,0,0,0,0,0,0,0,1,0,0,0,0,0,0,0
"Györy, Zsuzsanna",0,0,0,0,0,0,0,0,0,0,0,0,0,0,0,1
"Gänsicke, Boris T.",0,0,0,0,0,0,0,0,0,0,0,0,0,0,0,1
"Hacker, J. J.",0,0,0,0,0,0,0,0,1,0,0,0,0,0,0,0
"Halim, O.",0,0,0,0,0,0,0,0,1,0,0,0,0,0,0,0
"Hall, B. R.",0,0,0,0,0,0,0,0,1,0,0,0,0,0,0,0
"Hall, E. D.",0,0,0,0,0,0,0,0,1,0,0,0,0,0,0,0
"Hall, Patrick B.",0,0,0,0,0,1,0,0,0,0,0,0,0,0,0,1
"Halpern, M.",0,0,0,0,0,0,0,0,0,0,0,0,0,0,0,1
"Hamilton, E. Z.",0,0,0,0,0,0,0,0,1,0,0,0,0,0,0,0
"Hammond, G.",0,0,0,0,0,0,0,0,1,0,0,0,0,0,0,0
"Haney, M.",0,0,0,0,0,0,0,0,1,0,0,0,0,0,0,0
"Hanke, M. M.",0,0,0,0,0,0,0,0,1,0,0,0,0,0,0,0
"Hanks, J.",0,0,0,0,0,0,0,0,1,0,0,0,0,0,0,0
"Hanna, C.",0,0,0,0,0,0,0,0,1,0,0,0,0,0,0,0
"Hannam, M. D.",0,0,0,0,0,0,0,0,1,0,0,0,0,0,0,0
"Hannuksela, O. A.",0,0,0,0,0,0,0,0,1,0,0,0,0,0,0,0
"Hanson, J.",0,0,0,0,0,0,0,0,1,0,0,0,0,0,0,0
"Harding, Paul",0,0,0,0,0,0,0,0,0,0,0,0,0,0,0,1
"Hardwick, T.",0,0,0,0,0,0,0,0,1,0,0,0,0,0,0,0
"Haris, K.",0,0,0,0,0,0,0,0,1,0,0,0,0,0,0,0
"Harms, J.",0,0,0,0,0,0,0,0,1,0,0,0,0,0,0,0
"Harris, Frederick H.",0,0,0,0,0,0,0,0,0,0,0,0,0,0,0,1
"Harris, William E.",0,0,0,0,0,0,0,0,0,0,0,0,0,1,0,0
"Harry, G. M.",0,0,0,0,0,0,0,0,1,0,0,0,0,0,0,0
"Harry, I. W.",0,0,0,0,0,0,0,0,1,0,0,0,0,0,0,0
"Hart, M. J.",0,0,0,0,0,0,0,0,1,0,0,0,0,0,0,0
"Hartman, M. T.",0,0,0,0,0,0,0,0,1,0,0,0,0,0,0,0
"Harvanek, Michael",0,0,0,0,0,0,0,0,0,0,0,0,0,0,0,1
"Haster, C. -J.",0,0,0,0,0,0,0,0,1,0,0,0,0,0,0,0
"Haughian, K.",0,0,0,0,0,0,0,0,1,0,0,0,0,0,0,0
"Hauschildt, P. H.",0,0,1,0,0,0,0,0,0,0,0,0,0,0,0,0
"Hawley, Suzanne L.",0,0,0,0,0,0,0,0,0,0,0,0,0,0,0,1
"Hayes, Jeffrey J. E.",0,0,0,0,0,0,0,0,0,0,0,0,0,0,0,1
"Healy, J.",0,0,0,0,0,0,0,0,1,0,0,0,0,0,0,0
"Heckman, Timothy M.",0,0,0,0,0,1,0,0,0,0,0,0,0,0,1,1
"Heefner, J.",0,0,0,0,0,0,0,0,1,0,0,0,0,0,0,0
"Heidmann, A.",0,0,0,0,0,0,0,0,1,0,0,0,0,0,0,0
"Heiles, C.",0,0,0,0,0,0,0,0,0,0,0,0,0,1,0,0
"Heintze, M. C.",0,0,0,0,0,0,0,0,1,0,0,0,0,0,0,0
"Heinzel, G.",0,0,0,0,0,0,0,0,1,0,0,0,0,0,0,0
"Heitmann, H.",0,0,0,0,0,0,0,0,1,0,0,0,0,0,0,0
"Hello, P.",0,0,0,0,0,0,0,0,1,0,0,0,0,0,0,0
"Hemming, G.",0,0,0,0,0,0,0,0,1,0,0,0,0,0,0,0
"Hendry, John S.",0,0,0,0,0,0,0,0,0,0,0,0,0,0,0,1
"Hendry, M.",0,0,0,0,0,0,0,0,1,0,0,0,0,0,0,0
"Heng, I. S.",0,0,0,0,0,0,0,0,1,0,0,0,0,0,0,0
"Hennessy, Gregory S.",0,0,0,0,0,0,0,0,0,0,0,0,0,0,0,1
"Hennig, J.",0,0,0,0,0,0,0,0,1,0,0,0,0,0,0,0
"Heptonstall, A. W.",0,0,0,0,0,0,0,0,1,0,0,0,0,0,0,0
"Heurs, M.",0,0,0,0,0,0,0,0,1,0,0,0,0,0,0,0
"Hild, S.",0,0,0,0,0,0,0,0,1,0,0,0,0,0,0,0
"Hinderer, T.",0,0,0,0,0,0,0,0,1,0,0,0,0,0,0,0
"Hindsley, Robert B.",0,0,0,0,0,0,0,0,0,0,0,0,0,0,0,1
"Hinshaw, G.",0,0,0,0,0,0,0,0,0,0,0,0,0,0,0,1
"Ho, Luis C.",0,0,0,0,0,0,0,0,0,0,0,0,0,0,1,0
"Ho, W. C. G.",0,0,0,0,0,0,0,0,1,0,0,0,0,0,0,0
"Hoak, D.",0,0,0,0,0,0,0,0,1,0,0,0,0,0,0,0
"Hoblitt, J.",0,0,0,0,0,0,0,0,0,0,0,0,0,0,0,1
"Hodge, K. A.",0,0,0,0,0,0,0,0,1,0,0,0,0,0,0,0
"Hofman, D.",0,0,0,0,0,0,0,0,1,0,0,0,0,0,0,0
"Hog, E.",0,0,1,0,0,0,0,0,0,0,0,0,0,0,0,0
"Hogan, Craig J.",0,0,0,0,0,0,0,0,0,0,0,0,0,0,0,1
"Hogg, David W.",0,0,0,0,0,0,0,0,0,0,0,0,0,0,0,1
"Hollitt, S. E.",0,0,0,0,0,0,0,0,1,0,0,0,0,0,0,0
"Holt, K.",0,0,0,0,0,0,0,0,1,0,0,0,0,0,0,0
"Holtzman, Jon A.",0,0,0,0,0,0,0,0,0,0,0,0,0,0,0,1
"Holz, D. E.",0,0,0,0,0,0,0,0,1,0,0,0,0,0,0,0
"Hopkins, P.",0,0,0,0,0,0,0,0,1,0,0,0,0,0,0,0
"Horst, C.",0,0,0,0,0,0,0,0,1,0,0,0,0,0,0,0
"Hosken, D. J.",0,0,0,0,0,0,0,0,1,0,0,0,0,0,0,0
"Hough, J.",0,0,0,0,0,0,0,0,1,0,0,0,0,0,0,0
"Houston, E. A.",0,0,0,0,0,0,0,0,1,0,0,0,0,0,0,0
"Howell, E. J.",0,0,0,0,0,0,0,0,1,0,0,0,0,0,0,0
"Hoyle, F.",0,0,0,0,0,0,0,0,0,0,0,1,0,0,0,0
"Hreibi, A.",0,0,0,0,0,0,0,0,1,0,0,0,0,0,0,0
"Hu, Y. M.",0,0,0,0,0,0,0,0,1,0,0,0,0,0,0,0
"Huang, S.",0,0,0,0,0,0,0,0,1,0,0,0,0,0,0,0
"Huerta, E. A.",0,0,0,0,0,0,0,0,1,0,0,0,0,0,0,0
"Huet, D.",0,0,0,0,0,0,0,0,1,0,0,0,0,0,0,0
"Hughey, B.",0,0,0,0,0,0,0,0,1,0,0,0,0,0,0,0
"Husa, S.",0,0,0,0,0,0,0,0,1,0,0,0,0,0,0,0
"Huttner, S. H.",0,0,0,0,0,0,0,0,1,0,0,0,0,0,0,0
"Huynh-Dinh, T.",0,0,0,0,0,0,0,0,1,0,0,0,0,0,0,0
"Hyde, Joseph B.",0,0,0,0,0,0,0,0,0,0,0,0,0,0,0,1
"Ichikawa, Shin-ichi",0,0,0,0,0,0,0,0,0,0,0,0,0,0,0,1
"Ichikawa, Takashi",0,0,0,0,0,0,0,0,0,0,0,0,0,0,0,1
"Idrisy, A.",0,0,0,0,0,0,0,0,1,0,0,0,0,0,0,0
"Iglesias, Carlos A.",0,0,0,0,0,0,0,0,0,0,0,0,0,0,1,0
"Im, Myungshin",0,0,0,0,0,0,0,0,0,0,0,0,0,0,0,1
"Indik, N.",0,0,0,0,0,0,0,0,1,0,0,0,0,0,0,0
"Ingram, D. R.",0,0,0,0,0,0,0,0,1,0,0,0,0,0,0,0
"Inta, R.",0,0,0,0,0,0,0,0,1,0,0,0,0,0,0,0
"Intini, G.",0,0,0,0,0,0,0,0,1,0,0,0,0,0,0,0
"Isa, H. N.",0,0,0,0,0,0,0,0,1,0,0,0,0,0,0,0
"Isac, J. -M.",0,0,0,0,0,0,0,0,1,0,0,0,0,0,0,0
"Isi, M.",0,0,0,0,0,0,0,0,1,0,0,0,0,0,0,0
"Islas, G.",0,0,0,0,0,0,0,0,1,0,0,0,0,0,0,0
"Isogai, T.",0,0,0,0,0,0,0,0,1,0,0,0,0,0,0,0
"Ivezić, Željko",0,0,0,0,0,1,0,0,0,0,0,0,0,0,0,1
"Iyer, B. R.",0,0,0,0,0,0,0,0,1,0,0,0,0,0,0,0
"Izumi, K.",0,0,0,0,0,0,0,0,1,0,0,0,0,0,0,0
"Jacobson, M. B.",0,0,0,0,0,0,0,0,1,0,0,0,0,0,0,0
"Jacqmin, T.",0,0,0,0,0,0,0,0,1,0,0,0,0,0,0,0
"Jang, H.",0,0,0,0,0,0,0,0,1,0,0,0,0,0,0,0
"Jani, K.",0,0,0,0,0,0,0,0,1,0,0,0,0,0,0,0
"Jaranowski, P.",0,0,0,0,0,0,0,0,1,0,0,0,0,0,0,0
"Jarosik, N.",0,0,0,0,0,0,0,0,0,0,0,0,0,0,0,1
"Jawahar, S.",0,0,0,0,0,0,0,0,1,0,0,0,0,0,0,0
"Jenkins, A.",0,0,0,0,0,1,0,0,0,0,0,0,0,0,0,0
"Jester, Sebastian",0,0,0,0,0,0,0,0,0,0,0,0,0,0,0,1
"Jiang, Linhua",0,0,0,0,0,0,0,0,0,0,0,0,0,0,0,1
"Jiménez-Forteza, F.",0,0,0,0,0,0,0,0,1,0,0,0,0,0,0,0
"Johnson, Jennifer A.",0,0,0,0,0,0,0,0,0,0,0,0,0,0,0,1
"Johnson, W. W.",0,0,0,0,0,0,0,0,1,0,0,0,0,0,0,0
"Johnson-McDaniel, N. K.",0,0,0,0,0,0,0,0,1,0,0,0,0,0,0,0
"Jones, D. I.",0,0,0,0,0,0,0,0,1,0,0,0,0,0,0,0
"Jones, R.",0,0,0,0,0,0,0,0,1,0,0,0,0,0,0,0
"Jonker, R. J. G.",0,0,0,0,0,0,0,0,1,0,0,0,0,0,0,0
"Jorgensen, Anders M.",0,0,0,0,0,0,0,0,0,0,0,0,0,0,0,1
"Ju, L.",0,0,0,0,0,0,0,0,1,0,0,0,0,0,0,0
"Julian, William H.",0,0,0,0,0,0,0,0,0,0,0,0,0,0,1,0
"Junker, J.",0,0,0,0,0,0,0,0,1,0,0,0,0,0,0,0
"Jurić, Mario",0,0,0,0,0,0,0,0,0,0,0,0,0,0,0,1
"Kalaghatgi, C. V.",0,0,0,0,0,0,0,0,1,0,0,0,0,0,0,0
"Kalogera, V.",0,0,0,0,0,0,0,0,1,0,0,0,0,0,0,0
"Kamai, B.",0,0,0,0,0,0,0,0,1,0,0,0,0,0,0,0
"Kandhasamy, S.",0,0,0,0,0,0,0,0,1,0,0,0,0,0,0,0
"Kang, G.",0,0,0,0,0,0,0,0,1,0,0,0,0,0,0,0
"Kanner, J. B.",0,0,0,0,0,0,0,0,1,0,0,0,0,0,0,0
"Kapadia, S. J.",0,0,0,0,0,0,0,0,1,0,0,0,0,0,0,0
"Karki, S.",0,0,0,0,0,0,0,0,1,0,0,0,0,0,0,0
"Karvinen, K. S.",0,0,0,0,0,0,0,0,1,0,0,0,0,0,0,0
"Kasprzack, M.",0,0,0,0,0,0,0,0,1,0,0,0,0,0,0,0
"Kastaun, W.",0,0,0,0,0,0,0,0,1,0,0,0,0,0,0,0
"Katolik, M.",0,0,0,0,0,0,0,0,1,0,0,0,0,0,0,0
"Katsavounidis, E.",0,0,0,0,0,0,0,0,1,0,0,0,0,0,0,0
"Katzman, W.",0,0,0,0,0,0,0,0,1,0,0,0,0,0,0,0
"Kaufer, S.",0,0,0,0,0,0,0,0,1,0,0,0,0,0,0,0
"Kauffmann, G.",0,0,0,0,0,1,0,0,0,0,0,0,0,0,0,0
"Kauffmann, Guinevere",0,0,0,0,0,1,0,0,0,0,0,0,0,0,1,0
"Kaur, T.",0,0,0,0,0,0,0,0,1,0,0,0,0,0,0,0
"Kawabe, K.",0,0,0,0,0,0,0,0,1,0,0,0,0,0,0,0
"Kawazoe, F.",0,0,0,0,0,0,0,0,1,0,0,0,0,0,0,0
"Kehl, M. S.",0,0,0,0,0,0,0,0,1,0,0,0,0,0,0,0
"Keitel, D.",0,0,0,0,0,0,0,0,1,0,0,0,0,0,0,0
"Kelley, D. B.",0,0,0,0,0,0,0,0,1,0,0,0,0,0,0,0
"Kells, W.",0,0,0,0,0,0,0,0,1,0,0,0,0,0,0,0
"Kemball, A. J.",0,0,0,0,0,0,0,0,1,0,0,0,0,0,0,0
"Kennedy, R.",0,0,0,0,0,0,0,0,1,0,0,0,0,0,0,0
"Kennicutt, Robert C., Jr.",0,1,0,0,0,0,0,0,0,0,0,0,0,0,1,0
"Kent, C.",0,0,0,0,0,0,0,0,1,0,0,0,0,0,0,0
"Kent, Stephen M.",0,0,0,0,0,0,0,0,0,0,0,0,0,0,0,1
"Keppel, D. G.",0,0,0,0,0,0,0,0,1,0,0,0,0,0,0,0
"Kessler, R.",0,0,0,0,0,0,0,0,0,0,0,0,0,0,0,1
"Key, J. S.",0,0,0,0,0,0,0,0,1,0,0,0,0,0,0,0
"Khalaidovski, A.",0,0,0,0,0,0,0,0,1,0,0,0,0,0,0,0
"Khalili, F. Y.",0,0,0,0,0,0,0,0,1,0,0,0,0,0,0,0
"Khan, I.",0,0,0,0,0,0,0,0,1,0,0,0,0,0,0,0
"Khan, S.",0,0,0,0,0,0,0,0,1,0,0,0,0,0,0,0
"Khan, Z.",0,0,0,0,0,0,0,0,1,0,0,0,0,0,0,0
"Khazanov, E. A.",0,0,0,0,0,0,0,0,1,0,0,0,0,0,0,0
"Kijbunchoo, N.",0,0,0,0,0,0,0,0,1,0,0,0,0,0,0,0
"Kim, C.",0,0,0,0,0,0,0,0,1,0,0,0,0,0,0,0
"Kim, Chunglee",0,0,0,0,0,0,0,0,1,0,0,0,0,0,0,0
"Kim, J.",0,0,0,0,0,0,0,0,1,0,0,0,0,0,0,0
"Kim, J. C.",0,0,0,0,0,0,0,0,1,0,0,0,0,0,0,0
"Kim, K.",0,0,0,0,0,0,0,0,1,0,0,0,0,0,0,0
"Kim, Nam-Gyu",0,0,0,0,0,0,0,0,1,0,0,0,0,0,0,0
"Kim, Namjun",0,0,0,0,0,0,0,0,1,0,0,0,0,0,0,0
"Kim, W.",0,0,0,0,0,0,0,0,1,0,0,0,0,0,0,0
"Kim, W. S.",0,0,0,0,0,0,0,0,1,0,0,0,0,0,0,0
"Kim, Y. -M.",0,0,0,0,0,0,0,0,1,0,0,0,0,0,0,0
"Kimbrell, S. J.",0,0,0,0,0,0,0,0,1,0,0,0,0,0,0,0
"King, E. J.",0,0,0,0,0,0,0,0,1,0,0,0,0,0,0,0
"King, Ivan R.",0,0,0,0,0,0,0,0,0,0,0,0,0,1,0,0
"King, P. J.",0,0,0,0,0,0,0,0,1,0,0,0,0,0,0,0
"Kinley-Hanlon, M.",0,0,0,0,0,0,0,0,1,0,0,0,0,0,0,0
"Kinney, Anne L.",0,0,0,0,0,0,0,0,0,0,0,0,0,0,1,0
"Kinzel, D. L.",0,0,0,0,0,0,0,0,1,0,0,0,0,0,0,0
"Kirchhoff, R.",0,0,0,0,0,0,0,0,1,0,0,0,0,0,0,0
"Kissel, J. S.",0,0,0,0,0,0,0,0,1,0,0,0,0,0,0,0
"Kleinman, S. J.",0,0,0,0,0,0,0,0,0,0,0,0,0,0,0,1
"Kleybolte, L.",0,0,0,0,0,0,0,0,1,0,0,0,0,0,0,0
"Klimenko, S.",0,0,0,0,0,0,0,0,1,0,0,0,0,0,0,0
"Knapp, G. R.",0,0,0,0,0,0,0,0,0,0,0,0,0,0,0,1
"Knowles, T. D.",0,0,0,0,0,0,0,0,1,0,0,0,0,0,0,0
"Koch, P.",0,0,0,0,0,0,0,0,1,0,0,0,0,0,0,0
"Koehlenbeck, S. M.",0,0,0,0,0,0,0,0,1,0,0,0,0,0,0,0
"Kogut, A.",0,0,0,0,0,0,0,0,0,0,0,0,0,0,0,1
"Kokeyama, K.",0,0,0,0,0,0,0,0,1,0,0,0,0,0,0,0
"Koley, S.",0,0,0,0,0,0,0,0,1,0,0,0,0,0,0,0
"Komatsu, E.",0,0,0,0,0,0,0,0,0,0,0,0,0,0,0,1
"Kondrashov, V.",0,0,0,0,0,0,0,0,1,0,0,0,0,0,0,0
"Konishi, Kohki",0,0,0,0,0,0,0,0,0,0,0,0,0,0,0,1
"Kontos, A.",0,0,0,0,0,0,0,0,1,0,0,0,0,0,0,0
"Koornneef, Jan",0,0,0,0,0,0,0,0,0,0,0,0,0,0,1,0
"Koranda, S.",0,0,0,0,0,0,0,0,1,0,0,0,0,0,0,0
"Kormendy, John",0,0,0,0,0,0,0,0,0,0,0,0,0,1,1,0
"Korobko, M.",0,0,0,0,0,0,0,0,1,0,0,0,0,0,0,0
"Korth, W. Z.",0,0,0,0,0,0,0,0,1,0,0,0,0,0,0,0
"Kovalevsky, J.",0,0,1,0,0,0,0,0,0,0,0,0,0,0,0,0
"Kowalska, I.",0,0,0,0,0,0,0,0,1,0,0,0,0,0,0,0
"Kozak, D. B.",0,0,0,0,0,0,0,0,1,0,0,0,0,0,0,0
"Kringel, V.",0,0,0,0,0,0,0,0,1,0,0,0,0,0,0,0
"Krishnan, B.",0,0,0,0,0,0,0,0,1,0,0,0,0,0,0,0
"Kron, Richard G.",0,0,0,0,0,0,0,0,0,0,0,0,0,0,0,1
"Kroupa, Pavel",0,0,0,0,0,1,0,0,0,0,0,0,0,0,0,0
"Krueger, C.",0,0,0,0,0,0,0,0,1,0,0,0,0,0,0,0
"Krzesinski, Jurek",0,0,0,0,0,0,0,0,0,0,0,0,0,0,0,1
"Krämer, C.",0,0,0,0,0,0,0,0,1,0,0,0,0,0,0,0
"Królak, A.",0,0,0,0,0,0,0,0,1,0,0,0,0,0,0,0
"Kuehn, G.",0,0,0,0,0,0,0,0,1,0,0,0,0,0,0,0
"Kumar, P.",0,0,0,0,0,0,0,0,1,0,0,0,0,0,0,0
"Kumar, R.",0,0,0,0,0,0,0,0,1,0,0,0,0,0,0,0
"Kumar, S.",0,0,0,0,0,0,0,0,1,0,0,0,0,0,0,0
"Kune, Denis Foo",0,0,0,0,0,0,0,0,0,0,0,0,0,0,0,1
"Kuo, L.",0,0,0,0,0,0,0,0,1,0,0,0,0,0,0,0
"Kuropatkin, Nikolay",0,0,0,0,0,0,0,0,0,0,0,0,0,0,0,1
"Kurucz, R. L.",0,0,0,0,0,0,0,0,0,0,0,0,0,0,0,1
"Kutynia, A.",0,0,0,0,0,0,0,0,1,0,0,0,0,0,0,0
"Kwang, S.",0,0,0,0,0,0,0,0,1,0,0,0,0,0,0,0
"Kwee, P.",0,0,0,0,0,0,0,0,1,0,0,0,0,0,0,0
"Kéfélian, F.",0,0,0,0,0,0,0,0,1,0,0,0,0,0,0,0
LIGO Scientific Collaboration,0,0,0,0,0,0,0,0,1,0,0,0,0,0,0,0
"Lackey, B. D.",0,0,0,0,0,0,0,0,1,0,0,0,0,0,0,0
"Lai, K. H.",0,0,0,0,0,0,0,0,1,0,0,0,0,0,0,0
"Lake, George",0,0,0,0,0,0,0,0,0,0,0,0,0,0,1,0
"Lampeitl, Hubert",0,0,0,0,0,0,0,0,0,0,0,0,0,0,0,1
"Landolt, Arlo U.",0,0,0,0,0,0,0,0,0,0,0,0,0,1,0,0
"Landry, M.",0,0,0,0,0,0,0,0,1,0,0,0,0,0,0,0
"Lang, R. N.",0,0,0,0,0,0,0,0,1,0,0,0,0,0,0,0
"Lange, J.",0,0,0,0,0,0,0,0,1,0,0,0,0,0,0,0
"Lantz, B.",0,0,0,0,0,0,0,0,1,0,0,0,0,0,0,0
"Lanza, R. K.",0,0,0,0,0,0,0,0,1,0,0,0,0,0,0,0
"Larson, S. L.",0,0,0,0,0,0,0,0,1,0,0,0,0,0,0,0
"Lartaux-Vollard, A.",0,0,0,0,0,0,0,0,1,0,0,0,0,0,0,0
"Lasky, P. D.",0,0,0,0,0,0,0,0,1,0,0,0,0,0,0,0
"Lauer, Tod",0,0,0,0,0,0,0,0,0,0,0,0,0,1,0,0
"Lauer, Tod R.",0,0,0,0,0,0,0,0,0,0,0,0,0,0,1,0
"Laxen, M.",0,0,0,0,0,0,0,0,1,0,0,0,0,0,0,0
"Lazzarini, A.",0,0,0,0,0,0,0,0,1,0,0,0,0,0,0,0
"Lazzaro, C.",0,0,0,0,0,0,0,0,1,0,0,0,0,0,0,0
"Le Poole, R. S.",0,0,1,0,0,0,0,0,0,0,0,0,0,0,0,0
"Leaci, P.",0,0,0,0,0,0,0,0,1,0,0,0,0,0,0,0
"Leavey, S.",0,0,0,0,0,0,0,0,1,0,0,0,0,0,0,0
"Lebedeva, Svetlana",0,0,0,0,0,0,0,0,0,0,0,0,0,0,0,1
"Lebigot, E. O.",0,0,0,0,0,0,0,0,1,0,0,0,0,0,0,0
"Lebofsky, M. J.",0,0,0,0,0,0,0,0,0,0,0,0,0,0,1,0
"Lee, C. H.",0,0,0,0,0,0,0,0,1,0,0,0,0,0,0,0
"Lee, H. K.",0,0,0,0,0,0,0,0,1,0,0,0,0,0,0,0
"Lee, H. M.",0,0,0,0,0,0,0,0,1,0,0,0,0,0,0,0
"Lee, H. W.",0,0,0,0,0,0,0,0,1,0,0,0,0,0,0,0
"Lee, K.",0,0,0,0,0,0,0,0,1,0,0,0,0,0,0,0
"Lee, Myung Gyoon",0,0,0,0,0,0,0,0,0,0,0,0,0,0,0,1
"Lee, Young Sun",0,0,0,0,0,0,0,0,0,0,0,0,0,0,0,1
"Lehmann, J.",0,0,0,0,0,0,0,0,1,0,0,0,0,0,0,0
"Leitherer, Claus",0,0,0,0,0,0,0,0,0,0,0,0,0,0,0,1
"Lenon, A.",0,0,0,0,0,0,0,0,1,0,0,0,0,0,0,0
"Leon, E.",0,0,0,0,0,0,0,0,1,0,0,0,0,0,0,0
"Leonardi, M.",0,0,0,0,0,0,0,0,1,0,0,0,0,0,0,0
"Leong, J. R.",0,0,0,0,0,0,0,0,1,0,0,0,0,0,0,0
"Leroy, N.",0,0,0,0,0,0,0,0,1,0,0,0,0,0,0,0
"Letendre, N.",0,0,0,0,0,0,0,0,1,0,0,0,0,0,0,0
"Levin, Y.",0,0,0,0,0,0,0,0,1,0,0,0,0,0,0,0
"Levine, B. M.",0,0,0,0,0,0,0,0,1,0,0,0,0,0,0,0
"Li, Nolan",0,0,0,0,0,0,0,0,0,0,0,0,0,0,0,1
"Li, T. G. F.",0,0,0,0,0,0,0,0,1,0,0,0,0,0,0,0
"Libson, A.",0,0,0,0,0,0,0,0,1,0,0,0,0,0,0,0
"Lima, Marcos",0,0,0,0,0,0,0,0,0,0,0,0,0,0,0,1
"Limon, M.",0,0,0,0,0,0,0,0,0,0,0,0,0,0,0,1
"Lin, Huan",0,0,0,0,0,0,0,0,0,0,0,0,0,0,0,1
"Lindegren, L.",0,0,1,0,0,0,0,0,0,0,0,0,0,0,0,0
"Linker, S. D.",0,0,0,0,0,0,0,0,1,0,0,0,0,0,0,0
"Littenberg, T. B.",0,0,0,0,0,0,0,0,1,0,0,0,0,0,0,0
"Liu, J.",0,0,0,0,0,0,0,0,1,0,0,0,0,0,0,0
"Liu, X.",0,0,0,0,0,0,0,0,1,0,0,0,0,0,0,0
"Lizano, Susana",0,1,0,0,0,0,0,0,0,0,0,0,0,0,0,0
"Lo, R. K. L.",0,0,0,0,0,0,0,0,1,0,0,0,0,0,0,0
"Lockerbie, N. A.",0,0,0,0,0,0,0,0,1,0,0,0,0,0,0,0
"Logue, J.",0,0,0,0,0,0,0,0,1,0,0,0,0,0,0,0
"Lombardi, A. L.",0,0,0,0,0,0,0,0,1,0,0,0,0,0,0,0
"London, L. T.",0,0,0,0,0,0,0,0,1,0,0,0,0,0,0,0
"Long, Daniel C.",0,0,0,0,0,0,0,0,0,0,0,0,0,0,0,1
"Loomis, Craig P.",0,0,0,0,0,0,0,0,0,0,0,0,0,0,0,1
"Lord, J. E.",0,0,0,0,0,0,0,0,1,0,0,0,0,0,0,0
"Lorenzini, M.",0,0,0,0,0,0,0,0,1,0,0,0,0,0,0,0
"Loriette, V.",0,0,0,0,0,0,0,0,1,0,0,0,0,0,0,0
"Lormand, M.",0,0,0,0,0,0,0,0,1,0,0,0,0,0,0,0
"Losurdo, G.",0,0,0,0,0,0,0,0,1,0,0,0,0,0,0,0
"Lough, J. D.",0,0,0,0,0,0,0,0,1,0,0,0,0,0,0,0
"Lousto, C. O.",0,0,0,0,0,0,0,0,1,0,0,0,0,0,0,0
"Loveday, Jon",0,0,0,0,0,0,0,0,0,0,0,0,0,0,0,1
"Lovelace, G.",0,0,0,0,0,0,0,0,1,0,0,0,0,0,0,0
"Lumaca, D.",0,0,0,0,0,0,0,0,1,0,0,0,0,0,0,0
"Lundgren, A. P.",0,0,0,0,0,0,0,0,1,0,0,0,0,0,0,0
"Luo, J.",0,0,0,0,0,0,0,0,1,0,0,0,0,0,0,0
"Lupton, Robert H.",0,0,0,0,0,0,0,0,0,0,0,0,0,0,0,1
"Lynch, R.",0,0,0,0,0,0,0,0,1,0,0,0,0,0,0,0
"Lépine, Sébastien",0,0,0,0,0,0,0,0,0,0,0,0,0,0,0,1
"Lück, H.",0,0,0,0,0,0,0,0,1,0,0,0,0,0,0,0
"Ma, Y.",0,0,0,0,0,0,0,0,1,0,0,0,0,0,0,0
"MacDonald, T.",0,0,0,0,0,0,0,0,1,0,0,0,0,0,0,0
"MacInnis, M.",0,0,0,0,0,0,0,0,1,0,0,0,0,0,0,0
"Macas, R.",0,0,0,0,0,0,0,0,1,0,0,0,0,0,0,0
"Macfoy, S.",0,0,0,0,0,0,0,0,1,0,0,0,0,0,0,0
"Machenschalk, B.",0,0,0,0,0,0,0,0,1,0,0,0,0,0,0,0
"Macleod, D. M.",0,0,0,0,0,0,0,0,1,0,0,0,0,0,0,0
"Maeder, A.",0,0,0,1,0,0,0,0,0,0,0,0,0,0,0,0
"Magaña Hernandez, I.",0,0,0,0,0,0,0,0,1,0,0,0,0,0,0,0
"Magaña Zertuche, L.",0,0,0,0,0,0,0,0,1,0,0,0,0,0,0,0
"Magaña-Sandoval, F.",0,0,0,0,0,0,0,0,1,0,0,0,0,0,0,0
"Magee, R. M.",0,0,0,0,0,0,0,0,1,0,0,0,0,0,0,0
"Mageswaran, M.",0,0,0,0,0,0,0,0,1,0,0,0,0,0,0,0
"Magnier, Eugene",0,0,0,0,0,0,0,0,0,0,0,0,0,0,0,1
"Magorrian, John",0,0,0,0,0,0,0,0,0,0,0,0,0,1,1,0
"Majorana, E.",0,0,0,0,0,0,0,0,1,0,0,0,0,0,0,0
"Maksimovic, I.",0,0,0,0,0,0,0,0,1,0,0,0,0,0,0,0
"Malanushenko, Olena",0,0,0,0,0,0,0,0,0,0,0,0,0,0,0,1
"Malanushenko, Viktor",0,0,0,0,0,0,0,0,0,0,0,0,0,0,0,1
"Malvezzi, V.",0,0,0,0,0,0,0,0,1,0,0,0,0,0,0,0
"Man, N.",0,0,0,0,0,0,0,0,1,0,0,0,0,0,0,0
"Mandel, I.",0,0,0,0,0,0,0,0,1,0,0,0,0,0,0,0
"Mandelbaum, Rachel",0,0,0,0,0,0,0,0,0,0,0,0,0,0,0,1
"Mandic, V.",0,0,0,0,0,0,0,0,1,0,0,0,0,0,0,0
"Mangano, V.",0,0,0,0,0,0,0,0,1,0,0,0,0,0,0,0
"Mansell, G. L.",0,0,0,0,0,0,0,0,1,0,0,0,0,0,0,0
"Manske, M.",0,0,0,0,0,0,0,0,1,0,0,0,0,0,0,0
"Mantovani, M.",0,0,0,0,0,0,0,0,1,0,0,0,0,0,0,0
"Marchesoni, F.",0,0,0,0,0,0,0,0,1,0,0,0,0,0,0,0
"Margon, Bruce",0,0,0,0,0,0,0,0,0,0,0,0,0,0,0,1
"Marion, F.",0,0,0,0,0,0,0,0,1,0,0,0,0,0,0,0
"Markakis, C.",0,0,0,0,0,0,0,0,1,0,0,0,0,0,0,0
"Markosyan, A. S.",0,0,0,0,0,0,0,0,1,0,0,0,0,0,0,0
"Markowitz, A.",0,0,0,0,0,0,0,0,1,0,0,0,0,0,0,0
"Maros, E.",0,0,0,0,0,0,0,0,1,0,0,0,0,0,0,0
"Marquina, A.",0,0,0,0,0,0,0,0,1,0,0,0,0,0,0,0
"Marriner, John P.",0,0,0,0,0,0,0,0,0,0,0,0,0,0,0,1
"Marsh, P.",0,0,0,0,0,0,0,0,1,0,0,0,0,0,0,0
"Martelli, F.",0,0,0,0,0,0,0,0,1,0,0,0,0,0,0,0
"Martellini, L.",0,0,0,0,0,0,0,0,1,0,0,0,0,0,0,0
"Martin, I. W.",0,0,0,0,0,0,0,0,1,0,0,0,0,0,0,0
"Martin, R. M.",0,0,0,0,0,0,0,0,1,0,0,0,0,0,0,0
"Martynov, D. V.",0,0,0,0,0,0,0,0,1,0,0,0,0,0,0,0
"Martínez-Delgado, David",0,0,0,0,0,0,0,0,0,0,0,0,0,0,0,1
"Marx, J. N.",0,0,0,0,0,0,0,0,1,0,0,0,0,0,0,0
"Mason, K.",0,0,0,0,0,0,0,0,1,0,0,0,0,0,0,0
"Massera, E.",0,0,0,0,0,0,0,0,1,0,0,0,0,0,0,0
"Masserot, A.",0,0,0,0,0,0,0,0,1,0,0,0,0,0,0,0
"Massinger, T. J.",0,0,0,0,0,0,0,0,1,0,0,0,0,0,0,0
"Masso-Reid, M.",0,0,0,0,0,0,0,0,1,0,0,0,0,0,0,0
"Mastrogiovanni, S.",0,0,0,0,0,0,0,0,1,0,0,0,0,0,0,0
"Matas, A.",0,0,0,0,0,0,0,0,1,0,0,0,0,0,0,0
"Matichard, F.",0,0,0,0,0,0,0,0,1,0,0,0,0,0,0,0
"Matone, L.",0,0,0,0,0,0,0,0,1,0,0,0,0,0,0,0
"Matsubara, Takahiko",0,0,0,0,0,0,0,0,0,0,0,0,0,0,0,1
"Mavalvala, N.",0,0,0,0,0,0,0,0,1,0,0,0,0,0,0,0
"Mayor, M.",0,0,1,0,0,0,0,0,0,0,0,0,0,0,0,0
"Mayor, Michel",0,0,0,0,0,0,1,0,0,0,0,0,0,0,0,0
"Mazumder, N.",0,0,0,0,0,0,0,0,1,0,0,0,0,0,0,0
"Mazzolo, G.",0,0,0,0,0,0,0,0,1,0,0,0,0,0,0,0
"McCarthy, R.",0,0,0,0,0,0,0,0,1,0,0,0,0,0,0,0
"McClelland, D. E.",0,0,0,0,0,0,0,0,1,0,0,0,0,0,0,0
"McCormick, S.",0,0,0,0,0,0,0,0,1,0,0,0,0,0,0,0
"McCuller, L.",0,0,0,0,0,0,0,0,1,0,0,0,0,0,0,0
"McGehee, Peregrine M.",0,0,0,0,0,0,0,0,0,0,0,0,0,0,0,1
"McGuire, S. C.",0,0,0,0,0,0,0,0,1,0,0,0,0,0,0,0
"McIntyre, G.",0,0,0,0,0,0,0,0,1,0,0,0,0,0,0,0
"McIver, J.",0,0,0,0,0,0,0,0,1,0,0,0,0,0,0,0
"McKay, Timothy A.",0,0,0,0,0,0,0,0,0,0,0,0,0,0,0,1
"McManus, D. J.",0,0,0,0,0,0,0,0,1,0,0,0,0,0,0,0
"McNeill, L.",0,0,0,0,0,0,0,0,1,0,0,0,0,0,0,0
"McRae, T.",0,0,0,0,0,0,0,0,1,0,0,0,0,0,0,0
"McWilliams, S. T.",0,0,0,0,0,0,0,0,1,0,0,0,0,0,0,0
"Meacher, D.",0,0,0,0,0,0,0,0,1,0,0,0,0,0,0,0
"Meadors, G. D.",0,0,0,0,0,0,0,0,1,0,0,0,0,0,0,0
"Mehmet, M.",0,0,0,0,0,0,0,0,1,0,0,0,0,0,0,0
"Meidam, J.",0,0,0,0,0,0,0,0,1,0,0,0,0,0,0,0
"Meiksin, Avery",0,0,0,0,0,0,0,0,0,0,0,0,0,0,0,1
"Mejuto-Villa, E.",0,0,0,0,0,0,0,0,1,0,0,0,0,0,0,0
"Melatos, A.",0,0,0,0,0,0,0,0,1,0,0,0,0,0,0,0
"Mendell, G.",0,0,0,0,0,0,0,0,1,0,0,0,0,0,0,0
"Mendoza-Gandara, D.",0,0,0,0,0,0,0,0,1,0,0,0,0,0,0,0
"Mercer, R. A.",0,0,0,0,0,0,0,0,1,0,0,0,0,0,0,0
"Merilh, E.",0,0,0,0,0,0,0,0,1,0,0,0,0,0,0,0
"Merilh, E. L.",0,0,0,0,0,0,0,0,1,0,0,0,0,0,0,0
"Merritt, David",0,0,0,0,0,0,0,0,0,0,0,0,0,0,1,0
"Merzougui, M.",0,0,0,0,0,0,0,0,1,0,0,0,0,0,0,0
"Meshkov, S.",0,0,0,0,0,0,0,0,1,0,0,0,0,0,0,0
"Messenger, C.",0,0,0,0,0,0,0,0,1,0,0,0,0,0,0,0
"Messick, C.",0,0,0,0,0,0,0,0,1,0,0,0,0,0,0,0
"Metzdorff, R.",0,0,0,0,0,0,0,0,1,0,0,0,0,0,0,0
"Meyer, S. S.",0,0,0,0,0,0,0,0,0,0,0,0,0,0,0,1
"Meyers, P. M.",0,0,0,0,0,0,0,0,1,0,0,0,0,0,0,0
"Meynet, G.",0,0,0,1,0,0,0,0,0,0,0,0,0,0,0,0
"Mezzani, F.",0,0,0,0,0,0,0,0,1,0,0,0,0,0,0,0
"Miao, H.",0,0,0,0,0,0,0,0,1,0,0,0,0,0,0,0
"Michel, C.",0,0,0,0,0,0,0,0,1,0,0,0,0,0,0,0
"Middleton, H.",0,0,0,0,0,0,0,0,1,0,0,0,0,0,0,0
"Mignard, F.",0,0,1,0,0,0,0,0,0,0,0,0,0,0,0,0
"Mihalas, Dimitri",0,0,0,0,0,0,0,0,0,0,0,0,1,0,0,0
"Mikhailov, E. E.",0,0,0,0,0,0,0,0,1,0,0,0,0,0,0,0
"Milano, L.",0,0,0,0,0,0,0,0,1,0,0,0,0,0,0,0
"Miller, A. L.",0,0,0,0,0,0,0,0,1,0,0,0,0,0,0,0
"Miller, B. B.",0,0,0,0,0,0,0,0,1,0,0,0,0,0,0,0
"Miller, J.",0,0,0,0,0,0,0,0,1,0,0,0,0,0,0,0
"Millhouse, M.",0,0,0,0,0,0,0,0,1,0,0,0,0,0,0,0
"Milovich-Goff, M. C.",0,0,0,0,0,0,0,0,1,0,0,0,0,0,0,0
"Minazzoli, O.",0,0,0,0,0,0,0,0,1,0,0,0,0,0,0,0
"Minenkov, Y.",0,0,0,0,0,0,0,0,1,0,0,0,0,0,0,0
"Ming, J.",0,0,0,0,0,0,0,0,1,0,0,0,0,0,0,0
"Mirabel, I. F.",0,1,0,0,0,0,0,0,0,0,0,0,0,0,0,0
"Mirshekari, S.",0,0,0,0,0,0,0,0,1,0,0,0,0,0,0,0
"Mishra, C.",0,0,0,0,0,0,0,0,1,0,0,0,0,0,0,0
"Mitra, S.",0,0,0,0,0,0,0,0,1,0,0,0,0,0,0,0
"Mitrofanov, V. P.",0,0,0,0,0,0,0,0,1,0,0,0,0,0,0,0
"Mitselmakher, G.",0,0,0,0,0,0,0,0,1,0,0,0,0,0,0,0
"Mittleman, R.",0,0,0,0,0,0,0,0,1,0,0,0,0,0,0,0
"Moffa, D.",0,0,0,0,0,0,0,0,1,0,0,0,0,0,0,0
"Moggi, A.",0,0,0,0,0,0,0,0,1,0,0,0,0,0,0,0
"Mogushi, K.",0,0,0,0,0,0,0,0,1,0,0,0,0,0,0,0
"Mohan, M.",0,0,0,0,0,0,0,0,1,0,0,0,0,0,0,0
"Mohapatra, S. R. P.",0,0,0,0,0,0,0,0,1,0,0,0,0,0,0,0
"Molina, I.",0,0,0,0,0,0,0,0,1,0,0,0,0,0,0,0
"Montani, M.",0,0,0,0,0,0,0,0,1,0,0,0,0,0,0,0
"Moore, B. C.",0,0,0,0,0,0,0,0,1,0,0,0,0,0,0,0
"Moore, Ben",0,0,0,0,0,0,0,0,0,0,0,0,0,0,1,0
"Moore, C. J.",0,0,0,0,0,0,0,0,1,0,0,0,0,0,0,0
"Moraru, D.",0,0,0,0,0,0,0,0,1,0,0,0,0,0,0,0
"Moreno, G.",0,0,0,0,0,0,0,0,1,0,0,0,0,0,0,0
"Morisaki, S.",0,0,0,0,0,0,0,0,1,0,0,0,0,0,0,0
"Morrison, Heather L.",0,0,0,0,0,0,0,0,0,0,0,0,0,0,0,1
"Morriss, S. R.",0,0,0,0,0,0,0,0,1,0,0,0,0,0,0,0
"Mossavi, K.",0,0,0,0,0,0,0,0,1,0,0,0,0,0,0,0
"Mours, B.",0,0,0,0,0,0,0,0,1,0,0,0,0,0,0,0
"Mow-Lowry, C. M.",0,0,0,0,0,0,0,0,1,0,0,0,0,0,0,0
"Mueller, C. L.",0,0,0,0,0,0,0,0,1,0,0,0,0,0,0,0
"Mueller, G.",0,0,0,0,0,0,0,0,1,0,0,0,0,0,0,0
"Muir, A. W.",0,0,0,0,0,0,0,0,1,0,0,0,0,0,0,0
"Mukherjee, Arunava",0,0,0,0,0,0,0,0,1,0,0,0,0,0,0,0
"Mukherjee, D.",0,0,0,0,0,0,0,0,1,0,0,0,0,0,0,0
"Mukherjee, S.",0,0,0,0,0,0,0,0,1,0,0,0,0,0,0,0
"Mukund, N.",0,0,0,0,0,0,0,0,1,0,0,0,0,0,0,0
"Mullally, Fergal",0,0,0,0,0,0,0,0,0,0,0,0,0,0,0,1
"Mullavey, A.",0,0,0,0,0,0,0,0,1,0,0,0,0,0,0,0
"Munch, J.",0,0,0,0,0,0,0,0,1,0,0,0,0,0,0,0
"Munn, Jeffrey A.",0,0,0,0,0,0,0,0,0,0,0,0,0,0,0,1
"Muratore, M.",0,0,0,0,0,0,0,0,1,0,0,0,0,0,0,0
"Murphy, D. J.",0,0,0,0,0,0,0,0,1,0,0,0,0,0,0,0
"Murphy, Tara",0,0,0,0,0,0,0,0,0,0,0,0,0,0,0,1
"Murray, C. A.",0,0,1,0,0,0,0,0,0,0,0,0,0,0,0,0
"Murray, P. G.",0,0,0,0,0,0,0,0,1,0,0,0,0,0,0,0
"Muñiz, E. A.",0,0,0,0,0,0,0,0,1,0,0,0,0,0,0,0
"Mytidis, A.",0,0,0,0,0,0,0,0,1,0,0,0,0,0,0,0
"Márka, S.",0,0,0,0,0,0,0,0,1,0,0,0,0,0,0,0
"Márka, Z.",0,0,0,0,0,0,0,0,1,0,0,0,0,0,0,0
"Nagar, A.",0,0,0,0,0,0,0,0,1,0,0,0,0,0,0,0
"Napier, K.",0,0,0,0,0,0,0,0,1,0,0,0,0,0,0,0
"Nardecchia, I.",0,0,0,0,0,0,0,0,1,0,0,0,0,0,0,0
"Nash, Thomas",0,0,0,0,0,0,0,0,0,0,0,0,0,0,0,1
"Naticchioni, L.",0,0,0,0,0,0,0,0,1,0,0,0,0,0,0,0
"Navarro, J. F.",0,0,0,0,0,1,0,0,0,0,0,0,0,0,0,0
"Nayak, R. K.",0,0,0,0,0,0,0,0,1,0,0,0,0,0,0,0
"Nebot, Ada",0,0,0,0,0,0,0,0,0,0,0,0,0,0,0,1
"Necula, V.",0,0,0,0,0,0,0,0,1,0,0,0,0,0,0,0
"Nedkova, K.",0,0,0,0,0,0,0,0,1,0,0,0,0,0,0,0
"Neilsen, Eric H., Jr.",0,0,0,0,0,0,0,0,0,0,0,0,0,0,0,1
"Neilson, J.",0,0,0,0,0,0,0,0,1,0,0,0,0,0,0,0
"Nelemans, G.",0,0,0,0,0,0,0,0,1,0,0,0,0,0,0,0
"Nelson, T. J. N.",0,0,0,0,0,0,0,0,1,0,0,0,0,0,0,0
"Neri, M.",0,0,0,0,0,0,0,0,1,0,0,0,0,0,0,0
"Nery, M.",0,0,0,0,0,0,0,0,1,0,0,0,0,0,0,0
"Neunzert, A.",0,0,0,0,0,0,0,0,1,0,0,0,0,0,0,0
"Nevin, L.",0,0,0,0,0,0,0,0,1,0,0,0,0,0,0,0
"Newberg, Heidi Jo",0,0,0,0,0,0,0,0,0,0,0,0,0,0,0,1
"Newman, Peter R.",0,0,0,0,0,0,0,0,0,0,0,0,0,0,0,1
"Newport, J. M.",0,0,0,0,0,0,0,0,1,0,0,0,0,0,0,0
"Newton, G.",0,0,0,0,0,0,0,0,1,0,0,0,0,0,0,0
"Ng, K. K. Y.",0,0,0,0,0,0,0,0,1,0,0,0,0,0,0,0
"Nguyen, P.",0,0,0,0,0,0,0,0,1,0,0,0,0,0,0,0
"Nguyen, T. T.",0,0,0,0,0,0,0,0,1,0,0,0,0,0,0,0
"Nichol, Robert C.",0,0,0,0,0,0,0,0,0,0,0,0,0,0,0,1
"Nichols, D.",0,0,0,0,0,0,0,0,1,0,0,0,0,0,0,0
"Nicinski, Tom",0,0,0,0,0,0,0,0,0,0,0,0,0,0,0,1
"Nielsen, A. B.",0,0,0,0,0,0,0,0,1,0,0,0,0,0,0,0
"Nieto-Santisteban, Maria",0,0,0,0,0,0,0,0,0,0,0,0,0,0,0,1
"Nissanke, S.",0,0,0,0,0,0,0,0,1,0,0,0,0,0,0,0
"Nitta, Atsuko",0,0,0,0,0,0,0,0,0,0,0,0,0,0,0,1
"Nitz, A.",0,0,0,0,0,0,0,0,1,0,0,0,0,0,0,0
"Noack, A.",0,0,0,0,0,0,0,0,1,0,0,0,0,0,0,0
"Nocera, F.",0,0,0,0,0,0,0,0,1,0,0,0,0,0,0,0
"Nolta, M. R.",0,0,0,0,0,0,0,0,0,0,0,0,0,0,0,1
"Nolting, D.",0,0,0,0,0,0,0,0,1,0,0,0,0,0,0,0
"Normandin, M. E. N.",0,0,0,0,0,0,0,0,1,0,0,0,0,0,0,0
"North, C.",0,0,0,0,0,0,0,0,1,0,0,0,0,0,0,0
"Novoselov, K. S.",0,0,0,0,0,0,0,1,0,0,0,0,0,0,0,0
"Nuttall, L. K.",0,0,0,0,0,0,0,0,1,0,0,0,0,0,0,0
"O'Dea, G. D.",0,0,0,0,0,0,0,0,1,0,0,0,0,0,0,0
"O'Dell, J.",0,0,0,0,0,0,0,0,1,0,0,0,0,0,0,0
"O'Reilly, B.",0,0,0,0,0,0,0,0,1,0,0,0,0,0,0,0
"O'Shaughnessy, R.",0,0,0,0,0,0,0,0,1,0,0,0,0,0,0,0
"Oberling, J.",0,0,0,0,0,0,0,0,1,0,0,0,0,0,0,0
"Ochsner, E.",0,0,0,0,0,0,0,0,1,0,0,0,0,0,0,0
"Oelker, E.",0,0,0,0,0,0,0,0,1,0,0,0,0,0,0,0
"Ogin, G. H.",0,0,0,0,0,0,0,0,1,0,0,0,0,0,0,0
"Oh, J. J.",0,0,0,0,0,0,0,0,1,0,0,0,0,0,0,0
"Oh, S. H.",0,0,0,0,0,0,0,0,1,0,0,0,0,0,0,0
"Ohme, F.",0,0,0,0,0,0,0,0,1,0,0,0,0,0,0,0
"Okada, M. A.",0,0,0,0,0,0,0,0,1,0,0,0,0,0,0,0
"Okamura, Sadanori",0,0,0,0,0,0,0,0,0,0,0,0,0,0,0,1
"Oliver, M.",0,0,0,0,0,0,0,0,1,0,0,0,0,0,0,0
"Oppermann, P.",0,0,0,0,0,0,0,0,1,0,0,0,0,0,0,0
"Oram, Richard J.",0,0,0,0,0,0,0,0,1,0,0,0,0,0,0,0
"Oravetz, Daniel J.",0,0,0,0,0,0,0,0,0,0,0,0,0,0,0,1
"Ormiston, R.",0,0,0,0,0,0,0,0,1,0,0,0,0,0,0,0
"Ortega, L. F.",0,0,0,0,0,0,0,0,1,0,0,0,0,0,0,0
"Ossokine, S.",0,0,0,0,0,0,0,0,1,0,0,0,0,0,0,0
"Ostriker, Jeremiah P.",0,0,0,0,0,0,0,0,0,0,0,0,0,0,0,1
"Ott, C. D.",0,0,0,0,0,0,0,0,1,0,0,0,0,0,0,0
"Ottaway, D. J.",0,0,0,0,0,0,0,0,1,0,0,0,0,0,0,0
"Ottens, R. S.",0,0,0,0,0,0,0,0,1,0,0,0,0,0,0,0
"Overmier, H.",0,0,0,0,0,0,0,0,1,0,0,0,0,0,0,0
"Owen, B. J.",0,0,0,0,0,0,0,0,1,0,0,0,0,0,0,0
"Owen, Russell",0,0,0,0,0,0,0,0,0,0,0,0,0,0,0,1
"Pace, A. E.",0,0,0,0,0,0,0,0,1,0,0,0,0,0,0,0
"Padmanabhan, Nikhil",0,0,0,0,0,0,0,0,0,0,0,0,0,0,0,1
"Page, J.",0,0,0,0,0,0,0,0,1,0,0,0,0,0,0,0
"Page, L.",0,0,0,0,0,0,0,0,0,0,0,0,0,0,0,1
"Page, M. A.",0,0,0,0,0,0,0,0,1,0,0,0,0,0,0,0
"Pai, A.",0,0,0,0,0,0,0,0,1,0,0,0,0,0,0,0
"Pai, S. A.",0,0,0,0,0,0,0,0,1,0,0,0,0,0,0,0
"Pal-Singh, A.",0,0,0,0,0,0,0,0,1,0,0,0,0,0,0,0
"Palamos, J. R.",0,0,0,0,0,0,0,0,1,0,0,0,0,0,0,0
"Palashov, O.",0,0,0,0,0,0,0,0,1,0,0,0,0,0,0,0
"Palomba, C.",0,0,0,0,0,0,0,0,1,0,0,0,0,0,0,0
"Pan, H.",0,0,0,0,0,0,0,0,1,0,0,0,0,0,0,0
"Pan, Howard",0,0,0,0,0,0,0,0,1,0,0,0,0,0,0,0
"Pan, Huang-Wei",0,0,0,0,0,0,0,0,1,0,0,0,0,0,0,0
"Pan, Kaike",0,0,0,0,0,0,0,0,0,0,0,0,0,0,0,1
"Pan, Y.",0,0,0,0,0,0,0,0,1,0,0,0,0,0,0,0
"Pang, B.",0,0,0,0,0,0,0,0,1,0,0,0,0,0,0,0
"Pang, P. T. H.",0,0,0,0,0,0,0,0,1,0,0,0,0,0,0,0
"Pankow, C.",0,0,0,0,0,0,0,0,1,0,0,0,0,0,0,0
"Pannarale, F.",0,0,0,0,0,0,0,0,1,0,0,0,0,0,0,0
"Pant, B. C.",0,0,0,0,0,0,0,0,1,0,0,0,0,0,0,0
"Paoletti, F.",0,0,0,0,0,0,0,0,1,0,0,0,0,0,0,0
"Paoli, A.",0,0,0,0,0,0,0,0,1,0,0,0,0,0,0,0
"Papa, M. A.",0,0,0,0,0,0,0,0,1,0,0,0,0,0,0,0
"Parida, A.",0,0,0,0,0,0,0,0,1,0,0,0,0,0,0,0
"Paris, H. R.",0,0,0,0,0,0,0,0,1,0,0,0,0,0,0,0
"Park, Changbom",0,0,0,0,0,0,0,0,0,0,0,0,0,0,0,1
"Parker, W.",0,0,0,0,0,0,0,0,1,0,0,0,0,0,0,0
"Pascucci, D.",0,0,0,0,0,0,0,0,1,0,0,0,0,0,0,0
"Pasqualetti, A.",0,0,0,0,0,0,0,0,1,0,0,0,0,0,0,0
"Passaquieti, R.",0,0,0,0,0,0,0,0,1,0,0,0,0,0,0,0
"Passuello, D.",0,0,0,0,0,0,0,0,1,0,0,0,0,0,0,0
"Patil, M.",0,0,0,0,0,0,0,0,1,0,0,0,0,0,0,0
"Patricelli, B.",0,0,0,0,0,0,0,0,1,0,0,0,0,0,0,0
"Patrick, Z.",0,0,0,0,0,0,0,0,1,0,0,0,0,0,0,0
"Pauls, George",0,0,0,0,0,0,0,0,0,0,0,0,0,0,0,1
"Pearlstone, B. L.",0,0,0,0,0,0,0,0,1,0,0,0,0,0,0,0
"Pedraza, M.",0,0,0,0,0,0,0,0,1,0,0,0,0,0,0,0
"Pedurand, R.",0,0,0,0,0,0,0,0,1,0,0,0,0,0,0,0
"Peiris, H. V.",0,0,0,0,0,0,0,0,0,0,0,0,0,0,0,1
"Pekowsky, L.",0,0,0,0,0,0,0,0,1,0,0,0,0,0,0,0
"Pele, A.",0,0,0,0,0,0,0,0,1,0,0,0,0,0,0,0
"Peng, Eric W.",0,0,0,0,0,0,0,0,0,0,0,0,0,0,1,0
"Penn, S.",0,0,0,0,0,0,0,0,1,0,0,0,0,0,0,0
"Peoples, John, Jr.",0,0,0,0,0,0,0,0,0,0,0,0,0,0,0,1
"Percival, Will J.",0,0,0,0,0,0,0,0,0,0,0,0,0,0,0,1
"Perez, C. J.",0,0,0,0,0,0,0,0,1,0,0,0,0,0,0,0
"Perreca, A.",0,0,0,0,0,0,0,0,1,0,0,0,0,0,0,0
"Perri, L. M.",0,0,0,0,0,0,0,0,1,0,0,0,0,0,0,0
"Perryman, M. A. C.",0,0,1,0,0,0,0,0,0,0,0,0,0,0,0,0
"Petersen, C. S.",0,0,1,0,0,0,0,0,0,0,0,0,0,0,0,0
"Pfeiffer, H. P.",0,0,0,0,0,0,0,0,1,0,0,0,0,0,0,0
"Phelps, M.",0,0,0,0,0,0,0,0,1,0,0,0,0,0,0,0
"Piccinni, O.",0,0,0,0,0,0,0,0,1,0,0,0,0,0,0,0
"Piccinni, O. J.",0,0,0,0,0,0,0,0,1,0,0,0,0,0,0,0
"Pichot, M.",0,0,0,0,0,0,0,0,1,0,0,0,0,0,0,0
"Pickenpack, M.",0,0,0,0,0,0,0,0,1,0,0,0,0,0,0,0
"Pier, Jeffrey R.",0,0,0,0,0,0,0,0,0,0,0,0,0,0,0,1
"Piergiovanni, F.",0,0,0,0,0,0,0,0,1,0,0,0,0,0,0,0
"Pierro, V.",0,0,0,0,0,0,0,0,1,0,0,0,0,0,0,0
"Pillant, G.",0,0,0,0,0,0,0,0,1,0,0,0,0,0,0,0
"Pinard, L.",0,0,0,0,0,0,0,0,1,0,0,0,0,0,0,0
"Pinkney, Jason",0,0,0,0,0,0,0,0,0,0,0,0,0,0,1,0
"Pinto, I. M.",0,0,0,0,0,0,0,0,1,0,0,0,0,0,0,0
"Pirello, M.",0,0,0,0,0,0,0,0,1,0,0,0,0,0,0,0
"Pitkin, M.",0,0,0,0,0,0,0,0,1,0,0,0,0,0,0,0
"Poe, M.",0,0,0,0,0,0,0,0,1,0,0,0,0,0,0,0
"Poeld, J. H.",0,0,0,0,0,0,0,0,1,0,0,0,0,0,0,0
"Poggiani, R.",0,0,0,0,0,0,0,0,1,0,0,0,0,0,0,0
"Pope, Adrian C.",0,0,0,0,0,0,0,0,0,0,0,0,0,0,0,1
"Popolizio, P.",0,0,0,0,0,0,0,0,1,0,0,0,0,0,0,0
"Porter, E. K.",0,0,0,0,0,0,0,0,1,0,0,0,0,0,0,0
"Post, A.",0,0,0,0,0,0,0,0,1,0,0,0,0,0,0,0
"Pourbaix, Dimitri",0,0,0,0,0,0,0,0,0,0,0,0,0,0,0,1
"Powell, J.",0,0,0,0,0,0,0,0,1,0,0,0,0,0,0,0
"Prasad, J.",0,0,0,0,0,0,0,0,1,0,0,0,0,0,0,0
"Pratt, J. W. W.",0,0,0,0,0,0,0,0,1,0,0,0,0,0,0,0
"Pratten, G.",0,0,0,0,0,0,0,0,1,0,0,0,0,0,0,0
"Predoi, V.",0,0,0,0,0,0,0,0,1,0,0,0,0,0,0,0
"Premachandra, S. S.",0,0,0,0,0,0,0,0,1,0,0,0,0,0,0,0
"Prestegard, T.",0,0,0,0,0,0,0,0,1,0,0,0,0,0,0,0
"Price, L. R.",0,0,0,0,0,0,0,0,1,0,0,0,0,0,0,0
"Price, Paul A.",0,0,0,0,0,0,0,0,0,0,0,0,0,0,0,1
"Prijatelj, M.",0,0,0,0,0,0,0,0,1,0,0,0,0,0,0,0
"Principe, M.",0,0,0,0,0,0,0,0,1,0,0,0,0,0,0,0
"Privitera, S.",0,0,0,0,0,0,0,0,1,0,0,0,0,0,0,0
"Prix, R.",0,0,0,0,0,0,0,0,1,0,0,0,0,0,0,0
"Prodi, G. A.",0,0,0,0,0,0,0,0,1,0,0,0,0,0,0,0
"Prokhorov, L.",0,0,0,0,0,0,0,0,1,0,0,0,0,0,0,0
"Prokhorov, L. G.",0,0,0,0,0,0,0,0,1,0,0,0,0,0,0,0
"Puncken, O.",0,0,0,0,0,0,0,0,1,0,0,0,0,0,0,0
"Punturo, M.",0,0,0,0,0,0,0,0,1,0,0,0,0,0,0,0
"Puppo, P.",0,0,0,0,0,0,0,0,1,0,0,0,0,0,0,0
"Purger, Norbert",0,0,0,0,0,0,0,0,0,0,0,0,0,0,0,1
"Pürrer, M.",0,0,0,0,0,0,0,0,1,0,0,0,0,0,0,0
"Qi, H.",0,0,0,0,0,0,0,0,1,0,0,0,0,0,0,0
"Qin, J.",0,0,0,0,0,0,0,0,1,0,0,0,0,0,0,0
"Queloz, Didier",0,0,0,0,0,0,1,0,0,0,0,0,0,0,0,0
"Quetschke, V.",0,0,0,0,0,0,0,0,1,0,0,0,0,0,0,0
"Quinn, Thomas",0,0,0,0,0,0,0,0,0,0,0,0,0,0,1,1
"Quintero, E. A.",0,0,0,0,0,0,0,0,1,0,0,0,0,0,0,0
"Quitzow-James, R.",0,0,0,0,0,0,0,0,1,0,0,0,0,0,0,0
"Raab, F. J.",0,0,0,0,0,0,0,0,1,0,0,0,0,0,0,0
"Rabeling, D. S.",0,0,0,0,0,0,0,0,1,0,0,0,0,0,0,0
"Raddick, M. Jordan",0,0,0,0,0,0,0,0,0,0,0,0,0,0,0,1
"Radkins, H.",0,0,0,0,0,0,0,0,1,0,0,0,0,0,0,0
"Raffai, P.",0,0,0,0,0,0,0,0,1,0,0,0,0,0,0,0
"Raja, S.",0,0,0,0,0,0,0,0,1,0,0,0,0,0,0,0
"Rajan, C.",0,0,0,0,0,0,0,0,1,0,0,0,0,0,0,0
"Rajbhandari, B.",0,0,0,0,0,0,0,0,1,0,0,0,0,0,0,0
"Rakhmanov, M.",0,0,0,0,0,0,0,0,1,0,0,0,0,0,0,0
"Ramet, C. R.",0,0,0,0,0,0,0,0,1,0,0,0,0,0,0,0
"Ramirez, K. E.",0,0,0,0,0,0,0,0,1,0,0,0,0,0,0,0
"Ramos-Buades, A.",0,0,0,0,0,0,0,0,1,0,0,0,0,0,0,0
"Rapagnani, P.",0,0,0,0,0,0,0,0,1,0,0,0,0,0,0,0
"Raymond, V.",0,0,0,0,0,0,0,0,1,0,0,0,0,0,0,0
"Razzano, M.",0,0,0,0,0,0,0,0,1,0,0,0,0,0,0,0
"Re Fiorentin, Paola",0,0,0,0,0,0,0,0,0,0,0,0,0,0,0,1
"Re, V.",0,0,0,0,0,0,0,0,1,0,0,0,0,0,0,0
"Read, J.",0,0,0,0,0,0,0,0,1,0,0,0,0,0,0,0
"Reed, C. M.",0,0,0,0,0,0,0,0,1,0,0,0,0,0,0,0
"Regimbau, T.",0,0,0,0,0,0,0,0,1,0,0,0,0,0,0,0
"Rei, L.",0,0,0,0,0,0,0,0,1,0,0,0,0,0,0,0
"Reid, S.",0,0,0,0,0,0,0,0,1,0,0,0,0,0,0,0
"Reitze, D. H.",0,0,0,0,0,0,0,0,1,0,0,0,0,0,0,0
"Ren, W.",0,0,0,0,0,0,0,0,1,0,0,0,0,0,0,0
"Rew, H.",0,0,0,0,0,0,0,0,1,0,0,0,0,0,0,0
"Reyes, S. D.",0,0,0,0,0,0,0,0,1,0,0,0,0,0,0,0
"Ricci, F.",0,0,0,0,0,0,0,0,1,0,0,0,0,0,0,0
"Richards, Gordon T.",0,0,0,0,0,1,0,0,0,0,0,0,0,0,0,1
"Richmond, Michael W.",0,0,0,0,0,0,0,0,0,0,0,0,0,0,0,1
"Richstone, Douglas",0,0,0,0,0,0,0,0,0,0,0,0,0,1,1,0
"Ricker, P. M.",0,0,0,0,0,0,0,0,1,0,0,0,0,0,0,0
"Ridgway, Susan E.",0,0,0,0,0,1,0,0,0,0,0,0,0,0,0,0
"Rieger, S.",0,0,0,0,0,0,0,0,1,0,0,0,0,0,0,0
"Rieke, G. H.",0,0,0,0,0,0,0,0,0,0,0,0,0,0,1,0
"Riess, Adam G.",0,0,0,0,0,0,0,0,0,0,0,0,0,0,0,1
"Riles, K.",0,0,0,0,0,0,0,0,1,0,0,0,0,0,0,0
"Rix, Hans-Walter",0,0,0,0,0,0,0,0,0,0,0,0,0,0,0,1
"Rizzo, M.",0,0,0,0,0,0,0,0,1,0,0,0,0,0,0,0
"Robert, Carmelle",0,0,0,0,0,0,0,0,0,0,0,0,0,0,0,1
"Robertson, N. A.",0,0,0,0,0,0,0,0,1,0,0,0,0,0,0,0
"Robie, R.",0,0,0,0,0,0,0,0,1,0,0,0,0,0,0,0
"Robinet, F.",0,0,0,0,0,0,0,0,1,0,0,0,0,0,0,0
"Rocchi, A.",0,0,0,0,0,0,0,0,1,0,0,0,0,0,0,0
"Rockosi, Constance M.",0,0,0,0,0,0,0,0,0,0,0,0,0,0,0,1
"Rogers, Forrest J.",0,0,0,0,0,0,0,0,0,0,0,0,0,0,1,0
"Rolland, L.",0,0,0,0,0,0,0,0,1,0,0,0,0,0,0,0
"Rollins, J. G.",0,0,0,0,0,0,0,0,1,0,0,0,0,0,0,0
"Roma, V. J.",0,0,0,0,0,0,0,0,1,0,0,0,0,0,0,0
"Romano, J. D.",0,0,0,0,0,0,0,0,1,0,0,0,0,0,0,0
"Romano, R.",0,0,0,0,0,0,0,0,1,0,0,0,0,0,0,0
"Romanov, G.",0,0,0,0,0,0,0,0,1,0,0,0,0,0,0,0
"Romel, C. L.",0,0,0,0,0,0,0,0,1,0,0,0,0,0,0,0
"Romie, J. H.",0,0,0,0,0,0,0,0,1,0,0,0,0,0,0,0
"Rosińska, D.",0,0,0,0,0,0,0,0,1,0,0,0,0,0,0,0
"Ross, M. P.",0,0,0,0,0,0,0,0,1,0,0,0,0,0,0,0
"Rowan, S.",0,0,0,0,0,0,0,0,1,0,0,0,0,0,0,0
"Ruggi, P.",0,0,0,0,0,0,0,0,1,0,0,0,0,0,0,0
"Rutins, G.",0,0,0,0,0,0,0,0,1,0,0,0,0,0,0,0
"Ryan, K.",0,0,0,0,0,0,0,0,1,0,0,0,0,0,0,0
"Rüdiger, A.",0,0,0,0,0,0,0,0,1,0,0,0,0,0,0,0
"Sachdev, S.",0,0,0,0,0,0,0,0,1,0,0,0,0,0,0,0
"Sadecki, T.",0,0,0,0,0,0,0,0,1,0,0,0,0,0,0,0
"Sadeghian, L.",0,0,0,0,0,0,0,0,1,0,0,0,0,0,0,0
"Sakellariadou, M.",0,0,0,0,0,0,0,0,1,0,0,0,0,0,0,0
"Sako, Masao",0,0,0,0,0,0,0,0,0,0,0,0,0,0,0,1
"Salconi, L.",0,0,0,0,0,0,0,0,1,0,0,0,0,0,0,0
"Saleem, M.",0,0,0,0,0,0,0,0,1,0,0,0,0,0,0,0
"Salemi, F.",0,0,0,0,0,0,0,0,1,0,0,0,0,0,0,0
"Salpeter, Edwin E.",0,0,0,0,0,0,0,0,0,0,0,0,0,0,1,0
"Samajdar, A.",0,0,0,0,0,0,0,0,1,0,0,0,0,0,0,0
"Sammut, L.",0,0,0,0,0,0,0,0,1,0,0,0,0,0,0,0
"Sampson, L. M.",0,0,0,0,0,0,0,0,1,0,0,0,0,0,0,0
"Sanchez, E. J.",0,0,0,0,0,0,0,0,1,0,0,0,0,0,0,0
"Sanchez, L. E.",0,0,0,0,0,0,0,0,1,0,0,0,0,0,0,0
"Sanchis-Gual, N.",0,0,0,0,0,0,0,0,1,0,0,0,0,0,0,0
"Sandberg, V.",0,0,0,0,0,0,0,0,1,0,0,0,0,0,0,0
"Sandeen, B.",0,0,0,0,0,0,0,0,1,0,0,0,0,0,0,0
"Sanders, D. B.",0,1,0,0,0,0,0,0,0,0,0,0,0,0,0,0
"Sanders, G. H.",0,0,0,0,0,0,0,0,1,0,0,0,0,0,0,0
"Sanders, J. R.",0,0,0,0,0,0,0,0,1,0,0,0,0,0,0,0
"Sassolas, B.",0,0,0,0,0,0,0,0,1,0,0,0,0,0,0,0
"Sathyaprakash, B. S.",0,0,0,0,0,0,0,0,1,0,0,0,0,0,0,0
"Saulson, P. R.",0,0,0,0,0,0,0,0,1,0,0,0,0,0,0,0
"Sauter, O.",0,0,0,0,0,0,0,0,1,0,0,0,0,0,0,0
"Savage, B. D.",0,0,0,0,0,0,0,0,0,0,0,0,0,0,1,0
"Savage, R. L.",0,0,0,0,0,0,0,0,1,0,0,0,0,0,0,0
"Sawadsky, A.",0,0,0,0,0,0,0,0,1,0,0,0,0,0,0,0
"Schaerer, D.",0,0,0,1,0,0,0,0,0,0,0,0,0,0,0,0
"Schaerer, Daniel",0,0,0,0,0,0,0,0,0,0,0,0,0,0,0,1
"Schale, P.",0,0,0,0,0,0,0,0,1,0,0,0,0,0,0,0
"Schaller, G.",0,0,0,1,0,0,0,0,0,0,0,0,0,0,0,0
"Scheel, M.",0,0,0,0,0,0,0,0,1,0,0,0,0,0,0,0
"Scheuer, J.",0,0,0,0,0,0,0,0,1,0,0,0,0,0,0,0
"Schilling, R.",0,0,0,0,0,0,0,0,1,0,0,0,0,0,0,0
"Schlafly, Edward F.",0,0,0,0,0,0,0,0,0,0,0,0,0,0,1,0
"Schlegel, David J.",0,0,0,0,0,0,0,0,0,0,0,0,0,0,1,1
"Schmidt, J.",0,0,0,0,0,0,0,0,1,0,0,0,0,0,0,0
"Schmidt, P.",0,0,0,0,0,0,0,0,1,0,0,0,0,0,0,0
"Schnabel, R.",0,0,0,0,0,0,0,0,1,0,0,0,0,0,0,0
"Schneider, Donald P.",0,0,0,0,0,1,0,0,0,0,0,0,0,0,0,1
"Schofield, R. M. S.",0,0,0,0,0,0,0,0,1,0,0,0,0,0,0,0
"Scholz, Ralf-Dieter",0,0,0,0,0,0,0,0,0,0,0,0,0,0,0,1
"Schreiber, E.",0,0,0,0,0,0,0,0,1,0,0,0,0,0,0,0
"Schreiber, Matthias R.",0,0,0,0,0,0,0,0,0,0,0,0,0,0,0,1
"Schrijver, H.",0,0,1,0,0,0,0,0,0,0,0,0,0,0,0,0
"Schuette, D.",0,0,0,0,0,0,0,0,1,0,0,0,0,0,0,0
"Schulte, B. W.",0,0,0,0,0,0,0,0,1,0,0,0,0,0,0,0
"Schutz, B. F.",0,0,0,0,0,0,0,0,1,0,0,0,0,0,0,0
"Schwalbe, S. G.",0,0,0,0,0,0,0,0,1,0,0,0,0,0,0,0
"Schwope, Axel D.",0,0,0,0,0,0,0,0,0,0,0,0,0,0,0,1
"Schönbeck, A.",0,0,0,0,0,0,0,0,1,0,0,0,0,0,0,0
"Scott, J.",0,0,0,0,0,0,0,0,1,0,0,0,0,0,0,0
"Scott, S. M.",0,0,0,0,0,0,0,0,1,0,0,0,0,0,0,0
"Seibert, Mark",0,0,0,0,0,0,0,0,0,0,0,0,0,0,1,0
"Seidel, E.",0,0,0,0,0,0,0,0,1,0,0,0,0,0,0,0
"Seljak, Uroš",0,0,0,0,0,0,0,0,0,0,0,0,0,0,0,1
"Sellers, D.",0,0,0,0,0,0,0,0,1,0,0,0,0,0,0,0
"Sengupta, A. S.",0,0,0,0,0,0,0,0,1,0,0,0,0,0,0,0
"Sentenac, D.",0,0,0,0,0,0,0,0,1,0,0,0,0,0,0,0
"Sequino, V.",0,0,0,0,0,0,0,0,1,0,0,0,0,0,0,0
"Sergeev, A.",0,0,0,0,0,0,0,0,1,0,0,0,0,0,0,0
"Serna, G.",0,0,0,0,0,0,0,0,1,0,0,0,0,0,0,0
"Sesar, Branimir",0,0,0,0,0,0,0,0,0,0,0,0,0,0,0,1
"Setyawati, Y.",0,0,0,0,0,0,0,0,1,0,0,0,0,0,0,0
"Sevigny, A.",0,0,0,0,0,0,0,0,1,0,0,0,0,0,0,0
"Shaddock, D. A.",0,0,0,0,0,0,0,0,1,0,0,0,0,0,0,0
"Shaffer, T.",0,0,0,0,0,0,0,0,1,0,0,0,0,0,0,0
"Shaffer, T. J.",0,0,0,0,0,0,0,0,1,0,0,0,0,0,0,0
"Shah, A. A.",0,0,0,0,0,0,0,0,1,0,0,0,0,0,0,0
"Shah, S.",0,0,0,0,0,0,0,0,1,0,0,0,0,0,0,0
"Shahriar, M. S.",0,0,0,0,0,0,0,0,1,0,0,0,0,0,0,0
"Shakura, N. I.",0,0,1,0,0,0,0,0,0,0,0,0,0,0,0,0
"Shaltev, M.",0,0,0,0,0,0,0,0,1,0,0,0,0,0,0,0
"Shaner, M. B.",0,0,0,0,0,0,0,0,1,0,0,0,0,0,0,0
"Shao, L.",0,0,0,0,0,0,0,0,1,0,0,0,0,0,0,0
"Shao, Z.",0,0,0,0,0,0,0,0,1,0,0,0,0,0,0,0
"Shapiro, B.",0,0,0,0,0,0,0,0,1,0,0,0,0,0,0,0
"Shapiro, Stuart L.",1,0,0,0,0,0,0,0,0,0,0,0,0,0,0,0
"Shawhan, P.",0,0,0,0,0,0,0,0,1,0,0,0,0,0,0,0
"Sheldon, Erin",0,0,0,0,0,0,0,0,0,0,0,0,0,0,0,1
"Sheperd, A.",0,0,0,0,0,0,0,0,1,0,0,0,0,0,0,0
"Shimasaku, Kazu",0,0,0,0,0,0,0,0,0,0,0,0,0,0,0,1
"Shoemaker, D. H.",0,0,0,0,0,0,0,0,1,0,0,0,0,0,0,0
"Shoemaker, D. M.",0,0,0,0,0,0,0,0,1,0,0,0,0,0,0,0
"Shu, Frank H.",0,1,0,0,0,0,0,0,0,0,0,0,0,0,0,0
"Sibley, Valena C.",0,0,0,0,0,0,0,0,0,0,0,0,0,0,0,1
"Siellez, K.",0,0,0,0,0,0,0,0,1,0,0,0,0,0,0,0
"Siemens, X.",0,0,0,0,0,0,0,0,1,0,0,0,0,0,0,0
"Sieniawska, M.",0,0,0,0,0,0,0,0,1,0,0,0,0,0,0,0
"Sigg, D.",0,0,0,0,0,0,0,0,1,0,0,0,0,0,0,0
"Silva, A. D.",0,0,0,0,0,0,0,0,1,0,0,0,0,0,0,0
"Simakov, D.",0,0,0,0,0,0,0,0,1,0,0,0,0,0,0,0
"Simmons, A. E.",0,0,0,0,0,0,0,0,0,0,0,0,0,0,0,1
"Singer, A.",0,0,0,0,0,0,0,0,1,0,0,0,0,0,0,0
"Singer, L. P.",0,0,0,0,0,0,0,0,1,0,0,0,0,0,0,0
"Singh, A.",0,0,0,0,0,0,0,0,1,0,0,0,0,0,0,0
"Singh, R.",0,0,0,0,0,0,0,0,1,0,0,0,0,0,0,0
"Singhal, A.",0,0,0,0,0,0,0,0,1,0,0,0,0,0,0,0
"Sintes, A. M.",0,0,0,0,0,0,0,0,1,0,0,0,0,0,0,0
"Sivarani, Thirupathi",0,0,0,0,0,0,0,0,0,0,0,0,0,0,0,1
"Slagmolen, B. J. J.",0,0,0,0,0,0,0,0,1,0,0,0,0,0,0,0
"Smith, B.",0,0,0,0,0,0,0,0,1,0,0,0,0,0,0,0
"Smith, J. R.",0,0,0,0,0,0,0,0,1,0,0,0,0,0,0,0
"Smith, M. R.",0,0,0,0,0,0,0,0,1,0,0,0,0,0,0,0
"Smith, Martin C.",0,0,0,0,0,0,0,0,0,0,0,0,0,0,0,1
"Smith, N. D.",0,0,0,0,0,0,0,0,1,0,0,0,0,0,0,0
"Smith, R. J. E.",0,0,0,0,0,0,0,0,1,0,0,0,0,0,0,0
"Smolčić, Vernesa",0,0,0,0,0,0,0,0,0,0,0,0,0,0,0,1
"Snedden, Stephanie A.",0,0,0,0,0,0,0,0,0,0,0,0,0,0,0,1
"Somala, S.",0,0,0,0,0,0,0,0,1,0,0,0,0,0,0,0
"Son, E. J.",0,0,0,0,0,0,0,0,1,0,0,0,0,0,0,0
"Sonnenberg, J. A.",0,0,0,0,0,0,0,0,1,0,0,0,0,0,0,0
"Sorazu, B.",0,0,0,0,0,0,0,0,1,0,0,0,0,0,0,0
"Sorrentino, F.",0,0,0,0,0,0,0,0,1,0,0,0,0,0,0,0
"Souradeep, T.",0,0,0,0,0,0,0,0,1,0,0,0,0,0,0,0
"Spencer, A. P.",0,0,0,0,0,0,0,0,1,0,0,0,0,0,0,0
"Spergel, D. N.",0,0,0,0,0,0,0,0,0,0,0,0,0,0,0,1
"Spitzer, Lyman",1,0,0,0,0,0,0,0,0,0,0,0,0,0,0,0
"Springel, Volker",0,0,0,0,0,1,0,0,0,0,0,0,0,0,0,0
"Srivastava, A. K.",0,0,0,0,0,0,0,0,1,0,0,0,0,0,0,0
"Staats, K.",0,0,0,0,0,0,0,0,1,0,0,0,0,0,0,0
"Stadel, Joachim",0,0,0,0,0,0,0,0,0,0,0,0,0,0,1,0
"Staley, A.",0,0,0,0,0,0,0,0,1,0,0,0,0,0,0,0
"Stebbins, Albert",0,0,0,0,0,0,0,0,0,0,0,0,0,0,0,1
"Steinke, M.",0,0,0,0,0,0,0,0,1,0,0,0,0,0,0,0
"Steinlechner, J.",0,0,0,0,0,0,0,0,1,0,0,0,0,0,0,0
"Steinlechner, S.",0,0,0,0,0,0,0,0,1,0,0,0,0,0,0,0
"Steinmetz, Matthias",0,0,0,0,0,0,0,0,0,0,0,0,0,0,0,1
"Steinmeyer, D.",0,0,0,0,0,0,0,0,1,0,0,0,0,0,0,0
"Stephens, B. C.",0,0,0,0,0,0,0,0,1,0,0,0,0,0,0,0
"Stetson, Peter B.",0,0,0,0,0,0,0,0,0,0,1,0,0,0,0,0
"Stevenson, S. P.",0,0,0,0,0,0,0,0,1,0,0,0,0,0,0,0
"Stone, R.",0,0,0,0,0,0,0,0,1,0,0,0,0,0,0,0
"Stops, D. J.",0,0,0,0,0,0,0,0,1,0,0,0,0,0,0,0
"Storchi-Bergmann, Thaisa",0,0,0,0,0,0,0,0,0,0,0,0,0,0,1,0
"Stoughton, Chris",0,0,0,0,0,0,0,0,0,0,0,0,0,0,0,1
"Strain, K. A.",0,0,0,0,0,0,0,0,1,0,0,0,0,0,0,0
"Straniero, N.",0,0,0,0,0,0,0,0,1,0,0,0,0,0,0,0
"Stratta, G.",0,0,0,0,0,0,0,0,1,0,0,0,0,0,0,0
"Strauss, Michael A.",0,0,0,0,0,0,0,0,0,0,0,0,0,0,0,1
"Strauss, N. A.",0,0,0,0,0,0,0,0,1,0,0,0,0,0,0,0
"Strigin, S.",0,0,0,0,0,0,0,0,1,0,0,0,0,0,0,0
"Strigin, S. E.",0,0,0,0,0,0,0,0,1,0,0,0,0,0,0,0
"Strunk, A.",0,0,0,0,0,0,0,0,1,0,0,0,0,0,0,0
"Sturani, R.",0,0,0,0,0,0,0,0,1,0,0,0,0,0,0,0
"Stuver, A. L.",0,0,0,0,0,0,0,0,1,0,0,0,0,0,0,0
"SubbaRao, Mark",0,0,0,0,0,0,0,0,0,0,0,0,0,0,0,1
"Summerscales, T. Z.",0,0,0,0,0,0,0,0,1,0,0,0,0,0,0,0
"Sun, L.",0,0,0,0,0,0,0,0,1,0,0,0,0,0,0,0
"Sunil, S.",0,0,0,0,0,0,0,0,1,0,0,0,0,0,0,0
"Sunyaev, R. A.",0,0,1,0,0,0,0,0,0,0,0,0,0,0,0,0
"Suresh, J.",0,0,0,0,0,0,0,0,1,0,0,0,0,0,0,0
"Suto, Yasushi",0,0,0,0,0,0,0,0,0,0,0,0,0,0,0,1
"Sutton, P. J.",0,0,0,0,0,0,0,0,1,0,0,0,0,0,0,0
"Swinkels, B. L.",0,0,0,0,0,0,0,0,1,0,0,0,0,0,0,0
"Szalay, Alexander S.",0,0,0,0,0,0,0,0,0,0,0,0,0,0,0,1
"Szapudi, István",0,0,0,0,0,0,0,0,0,0,0,0,0,0,0,1
"Szczepańczyk, M. J.",0,0,0,0,0,0,0,0,1,0,0,0,0,0,0,0
"Szkody, Paula",0,0,0,0,0,0,0,0,0,0,0,0,0,0,0,1
"Tacca, M.",0,0,0,0,0,0,0,0,1,0,0,0,0,0,0,0
"Tait, S. C.",0,0,0,0,0,0,0,0,1,0,0,0,0,0,0,0
"Talbot, C.",0,0,0,0,0,0,0,0,1,0,0,0,0,0,0,0
"Talukder, D.",0,0,0,0,0,0,0,0,1,0,0,0,0,0,0,0
"Tanaka, Masayuki",0,0,0,0,0,0,0,0,0,0,0,0,0,0,0,1
"Tanner, D. B.",0,0,0,0,0,0,0,0,1,0,0,0,0,0,0,0
"Tarabrin, S. P.",0,0,0,0,0,0,0,0,1,0,0,0,0,0,0,0
"Taracchini, A.",0,0,0,0,0,0,0,0,1,0,0,0,0,0,0,0
"Tasson, J. D.",0,0,0,0,0,0,0,0,1,0,0,0,0,0,0,0
"Taylor, J. A.",0,0,0,0,0,0,0,0,1,0,0,0,0,0,0,0
"Taylor, R.",0,0,0,0,0,0,0,0,1,0,0,0,0,0,0,0
"Tegmark, Max",0,0,0,0,0,0,0,0,0,0,0,0,0,0,0,1
"Teodoro, Luis F. A.",0,0,0,0,0,0,0,0,0,0,0,0,0,0,0,1
"Teukolsky, Saul A.",1,0,0,0,0,0,0,0,0,0,0,0,0,0,0,0
"Tewari, S. V.",0,0,0,0,0,0,0,0,1,0,0,0,0,0,0,0
"Thakar, Aniruddha R.",0,0,0,0,0,0,0,0,0,0,0,0,0,0,0,1
"Theeg, T.",0,0,0,0,0,0,0,0,1,0,0,0,0,0,0,0
"Thies, F.",0,0,0,0,0,0,0,0,1,0,0,0,0,0,0,0
"Thirugnanasambandam, M. P.",0,0,0,0,0,0,0,0,1,0,0,0,0,0,0,0
"Thomas, E. G.",0,0,0,0,0,0,0,0,1,0,0,0,0,0,0,0
"Thomas, M.",0,0,0,0,0,0,0,0,1,0,0,0,0,0,0,0
"Thomas, P.",0,0,0,0,0,0,0,0,1,0,0,0,0,0,0,0
"Thorne, K. A.",0,0,0,0,0,0,0,0,1,0,0,0,0,0,0,0
"Thorne, K. S.",0,0,0,0,0,0,0,0,1,0,0,0,0,0,0,0
"Thrane, E.",0,0,0,0,0,0,0,0,1,0,0,0,0,0,0,0
"Tiwari, S.",0,0,0,0,0,0,0,0,1,0,0,0,0,0,0,0
"Tiwari, V.",0,0,0,0,0,0,0,0,1,0,0,0,0,0,0,0
"Tokmakov, K. V.",0,0,0,0,0,0,0,0,1,0,0,0,0,0,0,0
"Toland, K.",0,0,0,0,0,0,0,0,1,0,0,0,0,0,0,0
"Tomlinson, C.",0,0,0,0,0,0,0,0,1,0,0,0,0,0,0,0
"Tonelli, M.",0,0,0,0,0,0,0,0,1,0,0,0,0,0,0,0
"Toomre, A.",0,0,0,0,0,0,0,0,0,0,0,0,0,0,1,0
"Tornasi, Z.",0,0,0,0,0,0,0,0,1,0,0,0,0,0,0,0
"Torres, C. V.",0,0,0,0,0,0,0,0,1,0,0,0,0,0,0,0
"Torres-Forné, A.",0,0,0,0,0,0,0,0,1,0,0,0,0,0,0,0
"Torrie, C. I.",0,0,0,0,0,0,0,0,1,0,0,0,0,0,0,0
"Tozzi, Paolo",0,0,0,0,0,0,0,0,0,0,0,0,0,0,1,0
"Travasso, F.",0,0,0,0,0,0,0,0,1,0,0,0,0,0,0,0
"Traylor, G.",0,0,0,0,0,0,0,0,1,0,0,0,0,0,0,0
"Tremaine, Scott",0,0,0,0,0,0,0,0,0,1,0,0,0,1,1,0
"Tremonti, Christy",0,0,0,0,0,1,0,0,0,0,0,0,0,0,0,0
"Tremonti, Christy A.",0,0,0,0,0,0,0,0,0,0,0,0,0,0,1,1
"Trifirò, D.",0,0,0,0,0,0,0,0,1,0,0,0,0,0,0,0
"Trinastic, J.",0,0,0,0,0,0,0,0,1,0,0,0,0,0,0,0
"Tringali, M. C.",0,0,0,0,0,0,0,0,1,0,0,0,0,0,0,0
"Trozzo, L.",0,0,0,0,0,0,0,0,1,0,0,0,0,0,0,0
"Tsang, K. W.",0,0,0,0,0,0,0,0,1,0,0,0,0,0,0,0
"Tse, M.",0,0,0,0,0,0,0,0,1,0,0,0,0,0,0,0
"Tso, R.",0,0,0,0,0,0,0,0,1,0,0,0,0,0,0,0
"Tsukada, L.",0,0,0,0,0,0,0,0,1,0,0,0,0,0,0,0
"Tsuna, D.",0,0,0,0,0,0,0,0,1,0,0,0,0,0,0,0
"Tucker, Douglas L.",0,0,0,0,0,0,0,0,0,0,0,0,0,0,0,1
"Tucker, G. S.",0,0,0,0,0,0,0,0,0,0,0,0,0,0,0,1
"Turconi, M.",0,0,0,0,0,0,0,0,1,0,0,0,0,0,0,0
"Turon, C.",0,0,1,0,0,0,0,0,0,0,0,0,0,0,0,0
"Tuyenbayev, D.",0,0,0,0,0,0,0,0,1,0,0,0,0,0,0,0
"Tápai, M.",0,0,0,0,0,0,0,0,1,0,0,0,0,0,0,0
"Töyrä, D.",0,0,0,0,0,0,0,0,1,0,0,0,0,0,0,0
"Ueno, K.",0,0,0,0,0,0,0,0,1,0,0,0,0,0,0,0
"Ugolini, D.",0,0,0,0,0,0,0,0,1,0,0,0,0,0,0,0
"Unnikrishnan, C. S.",0,0,0,0,0,0,0,0,1,0,0,0,0,0,0,0
"Uomoto, Alan",0,0,0,0,0,0,0,0,0,0,0,0,0,0,1,1
"Urban, A. L.",0,0,0,0,0,0,0,0,1,0,0,0,0,0,0,0
"Usman, S. A.",0,0,0,0,0,0,0,0,1,0,0,0,0,0,0,0
"Vahlbruch, H.",0,0,0,0,0,0,0,0,1,0,0,0,0,0,0,0
"Vajente, G.",0,0,0,0,0,0,0,0,1,0,0,0,0,0,0,0
"Valdes, G.",0,0,0,0,0,0,0,0,1,0,0,0,0,0,0,0
"Vallisneri, M.",0,0,0,0,0,0,0,0,1,0,0,0,0,0,0,0
"Van Den Broeck, C.",0,0,0,0,0,0,0,0,1,0,0,0,0,0,0,0
"Vanden Berk, Daniel E.",0,0,0,0,0,0,0,0,0,0,0,0,0,0,0,1
"Vandenberg, Jan",0,0,0,0,0,0,0,0,0,0,0,0,0,0,0,1
"Vander-Hyde, D. C.",0,0,0,0,0,0,0,0,1,0,0,0,0,0,0,0
"Vardaro, M.",0,0,0,0,0,0,0,0,1,0,0,0,0,0,0,0
"Varma, V.",0,0,0,0,0,0,0,0,1,0,0,0,0,0,0,0
"Vass, S.",0,0,0,0,0,0,0,0,1,0,0,0,0,0,0,0
"Vasúth, M.",0,0,0,0,0,0,0,0,1,0,0,0,0,0,0,0
"Vaulin, R.",0,0,0,0,0,0,0,0,1,0,0,0,0,0,0,0
"Vecchio, A.",0,0,0,0,0,0,0,0,1,0,0,0,0,0,0,0
"Vedovato, G.",0,0,0,0,0,0,0,0,1,0,0,0,0,0,0,0
"Veitch, J.",0,0,0,0,0,0,0,0,1,0,0,0,0,0,0,0
"Veitch, P. J.",0,0,0,0,0,0,0,0,1,0,0,0,0,0,0,0
"Venkateswara, K.",0,0,0,0,0,0,0,0,1,0,0,0,0,0,0,0
"Venugopalan, G.",0,0,0,0,0,0,0,0,1,0,0,0,0,0,0,0
"Verde, L.",0,0,0,0,0,0,0,0,0,0,0,0,0,0,0,1
"Verkindt, D.",0,0,0,0,0,0,0,0,1,0,0,0,0,0,0,0
"Vetrano, F.",0,0,0,0,0,0,0,0,1,0,0,0,0,0,0,0
"Viceré, A.",0,0,0,0,0,0,0,0,1,0,0,0,0,0,0,0
"Vidrih, S.",0,0,0,0,0,0,0,0,0,0,0,0,0,0,0,1
"Viets, A. D.",0,0,0,0,0,0,0,0,1,0,0,0,0,0,0,0
"Vinciguerra, S.",0,0,0,0,0,0,0,0,1,0,0,0,0,0,0,0
"Vine, D. J.",0,0,0,0,0,0,0,0,1,0,0,0,0,0,0,0
"Vinet, J. -Y.",0,0,0,0,0,0,0,0,1,0,0,0,0,0,0,0
Virgo Collaboration,0,0,0,0,0,0,0,0,1,0,0,0,0,0,0,0
"Vitale, S.",0,0,0,0,0,0,0,0,1,0,0,0,0,0,0,0
"Vo, T.",0,0,0,0,0,0,0,0,1,0,0,0,0,0,0,0
"Vocca, H.",0,0,0,0,0,0,0,0,1,0,0,0,0,0,0,0
"Vogeley, Michael S.",0,0,0,0,0,0,0,0,0,0,0,0,0,0,0,1
"Voges, Wolfgang",0,0,0,0,0,0,0,0,0,0,0,0,0,0,0,1
"Vogt, Nicole P.",0,0,0,0,0,0,0,0,0,0,0,0,0,0,0,1
"Vorvick, C.",0,0,0,0,0,0,0,0,1,0,0,0,0,0,0,0
"Voss, D.",0,0,0,0,0,0,0,0,1,0,0,0,0,0,0,0
"Vousden, W. D.",0,0,0,0,0,0,0,0,1,0,0,0,0,0,0,0
"Vyatchanin, S. P.",0,0,0,0,0,0,0,0,1,0,0,0,0,0,0,0
"Wadadekar, Yogesh",0,0,0,0,0,0,0,0,0,0,0,0,0,0,0,1
"Wade, A. R.",0,0,0,0,0,0,0,0,1,0,0,0,0,0,0,0
"Wade, L. E.",0,0,0,0,0,0,0,0,1,0,0,0,0,0,0,0
"Wade, M.",0,0,0,0,0,0,0,0,1,0,0,0,0,0,0,0
"Waldman, S. J.",0,0,0,0,0,0,0,0,1,0,0,0,0,0,0,0
"Walet, R.",0,0,0,0,0,0,0,0,1,0,0,0,0,0,0,0
"Walker, M.",0,0,0,0,0,0,0,0,1,0,0,0,0,0,0,0
"Wallace, L.",0,0,0,0,0,0,0,0,1,0,0,0,0,0,0,0
"Walsh, S.",0,0,0,0,0,0,0,0,1,0,0,0,0,0,0,0
"Wang, G.",0,0,0,0,0,0,0,0,1,0,0,0,0,0,0,0
"Wang, H.",0,0,0,0,0,0,0,0,1,0,0,0,0,0,0,0
"Wang, J. Z.",0,0,0,0,0,0,0,0,1,0,0,0,0,0,0,0
"Wang, M.",0,0,0,0,0,0,0,0,1,0,0,0,0,0,0,0
"Wang, W. H.",0,0,0,0,0,0,0,0,1,0,0,0,0,0,0,0
"Wang, X.",0,0,0,0,0,0,0,0,1,0,0,0,0,0,0,0
"Wang, Y.",0,0,0,0,0,0,0,0,1,0,0,0,0,0,0,0
"Wang, Y. F.",0,0,0,0,0,0,0,0,1,0,0,0,0,0,0,0
"Ward, H.",0,0,0,0,0,0,0,0,1,0,0,0,0,0,0,0
"Ward, R. L.",0,0,0,0,0,0,0,0,1,0,0,0,0,0,0,0
"Warner, J.",0,0,0,0,0,0,0,0,1,0,0,0,0,0,0,0
"Was, M.",0,0,0,0,0,0,0,0,1,0,0,0,0,0,0,0
"Watchi, J.",0,0,0,0,0,0,0,0,1,0,0,0,0,0,0,0
"Watters, Shannon",0,0,0,0,0,0,0,0,0,0,0,0,0,0,0,1
"Weaver, B.",0,0,0,0,0,0,0,0,1,0,0,0,0,0,0,0
"Weaver, Thomas A.",0,0,0,0,0,0,0,0,0,0,0,0,0,0,0,1
"Wei, L. -W.",0,0,0,0,0,0,0,0,1,0,0,0,0,0,0,0
"Weiland, J. L.",0,0,0,0,0,0,0,0,0,0,0,0,0,0,0,1
"Weinberg, David H.",0,0,0,0,0,0,0,0,0,0,0,0,0,0,0,1
"Weinert, M.",0,0,0,0,0,0,0,0,1,0,0,0,0,0,0,0
"Weinstein, A. J.",0,0,0,0,0,0,0,0,1,0,0,0,0,0,0,0
"Weiss, R.",0,0,0,0,0,0,0,0,1,0,0,0,0,0,0,0
"Welborn, T.",0,0,0,0,0,0,0,0,1,0,0,0,0,0,0,0
"Wen, L.",0,0,0,0,0,0,0,0,1,0,0,0,0,0,0,0
"Wessel, E. K.",0,0,0,0,0,0,0,0,1,0,0,0,0,0,0,0
"West, Andrew A.",0,0,0,0,0,0,0,0,0,0,0,0,0,0,0,1
"Westerweck, J.",0,0,0,0,0,0,0,0,1,0,0,0,0,0,0,0
"Westphal, T.",0,0,0,0,0,0,0,0,1,0,0,0,0,0,0,0
"Wette, K.",0,0,0,0,0,0,0,0,1,0,0,0,0,0,0,0
"Weßels, P.",0,0,0,0,0,0,0,0,1,0,0,0,0,0,0,0
"Whelan, J. T.",0,0,0,0,0,0,0,0,1,0,0,0,0,0,0,0
"Whitcomb, S. E.",0,0,0,0,0,0,0,0,1,0,0,0,0,0,0,0
"White, D. J.",0,0,0,0,0,0,0,0,1,0,0,0,0,0,0,0
"White, Simon D. M.",0,0,0,0,0,1,0,0,0,0,0,0,0,0,1,1
"Whiting, B. F.",0,0,0,0,0,0,0,0,1,0,0,0,0,0,0,0
"Whittle, C.",0,0,0,0,0,0,0,0,1,0,0,0,0,0,0,0
"Wiesner, K.",0,0,0,0,0,0,0,0,1,0,0,0,0,0,0,0
"Wilhite, Brian C.",0,0,0,0,0,0,0,0,0,0,0,0,0,0,0,1
"Wilken, D.",0,0,0,0,0,0,0,0,1,0,0,0,0,0,0,0
"Wilkinson, C.",0,0,0,0,0,0,0,0,1,0,0,0,0,0,0,0
"Willems, P. A.",0,0,0,0,0,0,0,0,1,0,0,0,0,0,0,0
"Williams, D.",0,0,0,0,0,0,0,0,1,0,0,0,0,0,0,0
"Williams, L.",0,0,0,0,0,0,0,0,1,0,0,0,0,0,0,0
"Williams, R. D.",0,0,0,0,0,0,0,0,1,0,0,0,0,0,0,0
"Williamson, A. R.",0,0,0,0,0,0,0,0,1,0,0,0,0,0,0,0
"Willis, J. L.",0,0,0,0,0,0,0,0,1,0,0,0,0,0,0,0
"Willke, B.",0,0,0,0,0,0,0,0,1,0,0,0,0,0,0,0
"Wimmer, M. H.",0,0,0,0,0,0,0,0,1,0,0,0,0,0,0,0
"Winkelmann, L.",0,0,0,0,0,0,0,0,1,0,0,0,0,0,0,0
"Winkler, W.",0,0,0,0,0,0,0,0,1,0,0,0,0,0,0,0
"Wipf, C. C.",0,0,0,0,0,0,0,0,1,0,0,0,0,0,0,0
"Wiseman, A. G.",0,0,0,0,0,0,0,0,1,0,0,0,0,0,0,0
"Wittel, H.",0,0,0,0,0,0,0,0,1,0,0,0,0,0,0,0
"Woan, G.",0,0,0,0,0,0,0,0,1,0,0,0,0,0,0,0
"Woehler, J.",0,0,0,0,0,0,0,0,1,0,0,0,0,0,0,0
"Wofford, J.",0,0,0,0,0,0,0,0,1,0,0,0,0,0,0,0
"Wollack, E.",0,0,0,0,0,0,0,0,0,0,0,0,0,0,0,1
"Wonders, Alainna C.",0,0,0,0,0,0,0,0,0,0,0,0,0,0,0,1
"Wong, K. W. K.",0,0,0,0,0,0,0,0,1,0,0,0,0,0,0,0
"Woosley, S. E.",0,0,0,0,0,0,0,0,0,0,0,0,0,0,0,1
"Worden, J.",0,0,0,0,0,0,0,0,1,0,0,0,0,0,0,0
"Wright, E. L.",0,0,0,0,0,0,0,0,0,0,0,0,0,0,0,1
"Wright, J. L.",0,0,0,0,0,0,0,0,1,0,0,0,0,0,0,0
"Wu, D. S.",0,0,0,0,0,0,0,0,1,0,0,0,0,0,0,0
"Wu, G.",0,0,0,0,0,0,0,0,1,0,0,0,0,0,0,0
"Wysocki, D. M.",0,0,0,0,0,0,0,0,1,0,0,0,0,0,0,0
"Xiao, S.",0,0,0,0,0,0,0,0,1,0,0,0,0,0,0,0
"Yablon, J.",0,0,0,0,0,0,0,0,1,0,0,0,0,0,0,0
"Yakushin, I.",0,0,0,0,0,0,0,0,1,0,0,0,0,0,0,0
"Yam, W.",0,0,0,0,0,0,0,0,1,0,0,0,0,0,0,0
"Yamamoto, H.",0,0,0,0,0,0,0,0,1,0,0,0,0,0,0,0
"Yancey, C. C.",0,0,0,0,0,0,0,0,1,0,0,0,0,0,0,0
"Yang, L.",0,0,0,0,0,0,0,0,1,0,0,0,0,0,0,0
"Yanny, Brian",0,0,0,0,0,0,0,0,0,0,0,0,0,0,0,1
"Yap, M. J.",0,0,0,0,0,0,0,0,1,0,0,0,0,0,0,0
"Yazback, M.",0,0,0,0,0,0,0,0,1,0,0,0,0,0,0,0
"Yocum, D. R.",0,0,0,0,0,0,0,0,0,0,0,0,0,0,0,1
"York, Donald G.",0,0,0,0,0,0,0,0,0,0,0,0,0,0,0,1
"Yoshida, N.",0,0,0,0,0,1,0,0,0,0,0,0,0,0,0,0
"Yu, H.",0,0,0,0,0,0,0,0,1,0,0,0,0,0,0,0
"Yu, Hang",0,0,0,0,0,0,0,0,1,0,0,0,0,0,0,0
"Yu, Haocun",0,0,0,0,0,0,0,0,1,0,0,0,0,0,0,0
"Yvert, M.",0,0,0,0,0,0,0,0,1,0,0,0,0,0,0,0
"ZadroŻny, A.",0,0,0,0,0,0,0,0,1,0,0,0,0,0,0,0
"Zangrando, L.",0,0,0,0,0,0,0,0,1,0,0,0,0,0,0,0
"Zanolin, M.",0,0,0,0,0,0,0,0,1,0,0,0,0,0,0,0
"Zehavi, Idit",0,0,0,0,0,0,0,0,0,0,0,0,0,0,0,1
"Zelenova, T.",0,0,0,0,0,0,0,0,1,0,0,0,0,0,0,0
"Zendri, J. -P.",0,0,0,0,0,0,0,0,1,0,0,0,0,0,0,0
"Zevin, M.",0,0,0,0,0,0,0,0,1,0,0,0,0,0,0,0
"Zhang, F.",0,0,0,0,0,0,0,0,1,0,0,0,0,0,0,0
"Zhang, L.",0,0,0,0,0,0,0,0,1,0,0,0,0,0,0,0
"Zhang, M.",0,0,0,0,0,0,0,0,1,0,0,0,0,0,0,0
"Zhang, T.",0,0,0,0,0,0,0,0,1,0,0,0,0,0,0,0
"Zhang, Y.",0,0,0,0,0,0,0,0,1,0,0,0,0,0,0,0
"Zhang, Y. -H.",0,0,0,0,0,0,0,0,1,0,0,0,0,0,0,0
"Zhao, C.",0,0,0,0,0,0,0,0,1,0,0,0,0,0,0,0
"Zhou, M.",0,0,0,0,0,0,0,0,1,0,0,0,0,0,0,0
"Zhou, Z.",0,0,0,0,0,0,0,0,1,0,0,0,0,0,0,0
"Zhu, S. J.",0,0,0,0,0,0,0,0,1,0,0,0,0,0,0,0
"Zhu, X. J.",0,0,0,0,0,0,0,0,1,0,0,0,0,0,0,0
"Zibetti, Stefano",0,0,0,0,0,0,0,0,0,0,0,0,0,0,0,1
"Zimmerman, A. B.",0,0,0,0,0,0,0,0,1,0,0,0,0,0,0,0
"Zucker, Daniel B.",0,0,0,0,0,0,0,0,0,0,0,0,0,0,0,1
"Zucker, M. E.",0,0,0,0,0,0,0,0,1,0,0,0,0,0,0,0
"Zuraw, S. E.",0,0,0,0,0,0,0,0,1,0,0,0,0,0,0,0
"Zweizig, J.",0,0,0,0,0,0,0,0,1,0,0,0,0,0,0,0
"de Haas, Ernst",0,0,0,0,0,0,0,0,0,0,0,0,0,0,0,1
"de Mello, Duília F.",0,0,0,0,0,0,0,0,0,0,0,0,0,0,0,1
"de Varona, O.",0,0,0,0,0,0,0,0,1,0,0,0,0,0,0,0
"van Bakel, N.",0,0,0,0,0,0,0,0,1,0,0,0,0,0,0,0
"van Beuzekom, M.",0,0,0,0,0,0,0,0,1,0,0,0,0,0,0,0
"van Heijningen, J. V.",0,0,0,0,0,0,0,0,1,0,0,0,0,0,0,0
"van Leeuwen, F.",0,0,1,0,0,0,0,0,0,0,0,0,0,0,0,0
"van Veggel, A. A.",0,0,0,0,0,0,0,0,1,0,0,0,0,0,0,0
"van den Brand, J. F. J.",0,0,0,0,0,0,0,0,1,0,0,0,0,0,0,0
"van der Marel, H.",0,0,1,0,0,0,0,0,0,0,0,0,0,0,0,0
"van der Schaaf, L.",0,0,0,0,0,0,0,0,1,0,0,0,0,0,0,0
